Workbook

Sheet Masterlist
A1: Custom reports - GSX KBB / KGBs Used
A2: Order id | B2: Location Name | C2: GSX Repair Number | D2: GSX Repair Strategy | E2: Current GSX Status | F2: Repair Closed Date | G2: Product Code | H2: Product Description | I2: Product KGB | J2: Product KBB
A3: 20062784 | B3: MOBILECARE - GLORIETTA 5 | C3: G712090089 | D3: CIN | E3: SPCM | F3: 46185 | G3: ZP661-28885 | H3: Silver, iPad 10th generation, 64GB, Wi-Fi, ITP | I3: K0MY6JLF4N | J3: DHGJ0NJ504
A4: 20056477 | B4: MOBILECARE - GLORIETTA 5 | C4: G709596193 | D4: CIN | E4: SPCM | F4: 46153 | G4: Z661-43102 | H4: AirPods 4, Right, CI/AR, CN, INT | I4: GN1HQB0837M0000B32
A5: 20055406 | B5: MOBILECARE - GLORIETTA 5 | C5: G708611607 | D5: CIN | E5: SPCM | F5: 46123 | G5: 661-36918 | H5: Battery, iPhone 15 Pro Max | I5: FG9HP7003DJ00006TT | J5: F5DGYK0033K00006TU
A6: 20054338 | B6: MOBILECARE - GLORIETTA 5 | C6: G690356932 | D6: CIN | E6: SPCM | F6: 46117 | G6: 661-56050 | H6: Display, iPhone 17 Pro Max | I6: GH3HPY00KQV0000MUZ | J6: GH3HKU01FNB0000MUZ
A7: 20047553 | B7: MOBILECARE - GLORIETTA 5 | C7: G705425629 | D7: CIN | E7: SPCM | F7: 46108 | G7: 661-40169 | H7: Logic Board, 8-core CPU, 8-core GPU, 8 GB, 256 GB | I7: C02HNC000010000FJV | J7: C02H8C00CKD0000FJV
A8: 20047553 | B8: MOBILECARE - GLORIETTA 5 | C8: G705425629 | D8: CIN | E8: SPCM | F8: 46108 | G8: 661-40218 | H8: Display, Silver | I8: GMG5454001X1J87AP | J8: F0Y427601VK1J87AV
A9: 20047612 | B9: MOBILECARE - GLORIETTA 5 | C9: G704607819 | D9: CIN | E9: SCOM | F9: 46087 | G9: Z661-35418 | H9: AirPods Pro 2nd gen USB-C, Case, CI/AR, INT | I9: M4C0WVDJK4 | J9: L29P2GM2JD
A10: 20036869 | B10: MOBILECARE - GLORIETTA 5 | C10: G702154797 | D10: CIN | E10: SPCM | F10: 46074 | G10: 661-16806 | H10: Display Assembly, Space Gray | I10: GMG544700XQNR89B1 | J10: GMG337402FBNR8DBP
A11: 20040047 | B11: MOBILECARE - GLORIETTA 5 | C11: G701291855 | D11: CIN | E11: SPCM | F11: 46058 | G11: 661-21991 | H11: Battery, iPhone 13 | I11: F8Y5506CF3B18FKBW | J11: FG914160ZF518FN58
A12: 20037747 | B12: MOBILECARE - GLORIETTA 5 | C12: G700065245 | D12: CIN | E12: SPCM | F12: 46063 | G12: ZA661-41635 | H12: SVC,APPLE PENCIL PRO-ITS | I12: G1CMQ944TG | J12: FNV7QW2V3R
A13: 20033067 | B13: MOBILECARE - GLORIETTA 5 | C13: G698996943 | D13: CIN | E13: GX02 | F13: 46045 | G13: 661-40219 | H13: Display, Starlight | I13: GMG545302701J88A0 | J13: F0Y436400CB1J88AQ
A14: 20033771 | B14: MOBILECARE - GLORIETTA 5 | C14: G698172583 | D14: CIN | E14: SPCM | F14: 46033 | G14: 661-18428 | H14: Battery, iPhone 12 Pro Max | I14: F8Y5437C5CKQ4C2BR | J14: F5D12721167Q4C0AW
A15: 20032779 | B15: MOBILECARE - GLORIETTA 5 | C15: G698169993 | D15: CIN | E15: SPCM | F15: 46038 | G15: 661-21991 | H15: Battery, iPhone 13 | I15: F8Y5426C80S18FKBS | J15: FG921742Z6318FMA1
A16: 20032477 | B16: MOBILECARE - GLORIETTA 5 | C16: G698141519 | D16: CIN | E16: SPCM | F16: 46049 | G16: 661-36918 | H16: Battery, iPhone 15 Pro Max | I16: FG9HNL005ZF00006TT | J16: F5DH0C01RVZ00006TU
... A46: 20030155 | B46: MOBILECARE - GLORIETTA 5 | C46: G696955305 | D46: CIN | E46: SPCM | F46: 46039 | G46: PP661-22981 | H46: Starlight, 128 GB, iPhone 13, ROW, CI/AR, Philippines | I46: HXKC77VGCL | J46: Q2MTFYDT90
A47: 20031096 | B47: MOBILECARE - GLORIETTA 5 | C47: G696952999 | D47: CIN | E47: SPCM | F47: 46038 | G47: PP661-22980 | H47: Midnight, 128 GB, iPhone 13, ROW, CI/AR, Philippines | I47: M9VH9K74WQ
A48: 20030917 | B48: MOBILECARE - GLORIETTA 5 | C48: G696952489 | D48: CIN | E48: SPCM | F48: 46035 | G48: 661-21991 | H48: Battery, iPhone 13 | I48: F8Y5451C06818FKBW | J48: F8Y24211P8E18FLAE
A49: 20030825 | B49: MOBILECARE - GLORIETTA 5 | C49: G696930065 | D49: CIN | E49: SPCM | F49: 46025 | G49: 661-42726 | H49: Display, iPhone 16 Pro | I49: G9PHKKT1ATJ00005DP | J49: GVCHB70036700005DQ
A50: 20030411 | B50: MOBILECARE - GLORIETTA 5 | C50: G681102838 | D50: CIN | E50: SPCM | F50: 46030 | G50: 661-36906 | H50: Camera , iPhone 15 Pro Max | I50: DN85296AJTR1W23B8 | J50: THA335602DK21PT64
A51: 20030411 | B51: MOBILECARE - GLORIETTA 5 | C51: G681102838 | D51: CIN | E51: SPCM | F51: 46030 | G51: 661-36916 | H51: TrueDepth Camera, iPhone 15 Pro Max | I51: FK1HJ7000CA00001WF | J51: DTTGYD02DEH00000YP
A52: 20030471 | B52: MOBILECARE - GLORIETTA 5 | C52: G696815897 | D52: CIN | E52: SPCM | F52: 46028 | G52: 661-30397 | H52: Battery, iPhone 14 Pro Max | I52: F8Y5453C4EW20J9BJ | J52: F8Y25361PX420JC28
A53: 20030803 | B53: MOBILECARE - GLORIETTA 5 | C53: G696815649 | D53: CIN | E53: SPCM | F53: 46045 | G53: ZP661-50227 | H53: iPad (A16) Wi-Fi, 128GB, Blue, CI/AR, CN | I53: C73Q0FRXDW | J53: GGXT3QL9R4
A54: 20030210 | B54: MOBILECARE - GLORIETTA 5 | C54: G696804775 | D54: CIN | E54: SPCM | F54: 46036 | G54: 661-14691 | H54: AirTag, 1PK | I54: HGHPT1BVP0GV | J54: HGGP7UN9P0GV
A55: 20030624 | B55: MOBILECARE - GLORIETTA 5 | C55: G696801495 | D55: CIN | E55: SPCM | F55: 46027 | G55: 661-30382 | H55: Battery, iPhone 14 Pro | I55: F8Y5465C9G7217WB2 | J55: F5D2427EGKA21PK7Z
A56: 20030271 | B56: MOBILECARE - GLORIETTA 5 | C56: G696711929 | D56: CIN | E56: SCOM | F56: 46031 | G56: 923-01365 | H56: EarPods with Lightning Connector | I56: FGJ54171391M854A8
A57: 20030493 | B57: MOBILECARE - GLORIETTA 5 | C57: G696621347 | D57: CIN | E57: SPCM | F57: 46032 | G57: 661-22309 | H57: Display, iPhone 13 Pro Max | I57: G9P5386M0QGPQCLAY | J57: G9P2105MF93PQCLA9
A58: 20030360 | B58: MOBILECARE - GLORIETTA 5 | C58: G696594131 | D58: CIN | E58: SPCM | F58: 46029 | G58: 661-16806 | H58: Display Assembly, Space Gray | I58: GMG544501R6NR8DB0 | J58: FP143930038249YAS
A59: 20028801 | B59: MOBILECARE - GLORIETTA 5 | C59: G696588687 | D59: CIN | E59: SPCM | F59: 46038 | G59: ZP661-22034 | H59: Space Gray, 64 GB, iPad 9th Generation, Wi-Fi, ITP | I59: LNP70FW6QN | J59: WHLQNVFNMP
A60: 20030255 | B60: MOBILECARE - GLORIETTA 5 | C60: G680716180 | D60: CIN | E60: SPCM | F60: 46027 | G60: 661-42726 | H60: Display, iPhone 16 Pro | I60: G9PHKKG2VF100005DP | J60: GVCHH100XKU00005DQ
A61: 20030095 | B61: MOBILECARE - GLORIETTA 5 | C61: G696305213 | D61: CIN | E61: SPCM | F61: 46029 | G61: 661-30397 | H61: Battery, iPhone 14 Pro Max | I61: F8Y5443C4VP20J9BH | J61: F5D25247DYP20J89U
A62: 20029913 | B62: MOBILECARE - GLORIETTA 5 | C62: G696284135 | D62: CIN | E62: SPCM | F62: 46025 | G62: 661-42727 | H62: TrueDepth Camera, iPhone 16 Pro | I62: J9KHFS00VJC0000FD3 | J62: FNJHADK0ESQ0000882
A63: 20029913 | B63: MOBILECARE - GLORIETTA 5 | C63: G696284135 | D63: CIN | E63: SPCM | F63: 46025 | G63: 661-42728 | H63: Camera, iPhone 16 Pro | I63: F0WHHG00KNA0000488 | J63: DN8HAG02N0100005KQ
A64: 20029345 | B64: MOBILECARE - GLORIETTA 5 | C64: G695977039 | D64: CIN | E64: SCOM | F64: 46024 | G64: 661-25799 | H64: Display, Starlight | I64: GMG533700QX1J88AR
A65: 20028979 | B65: MOBILECARE - GLORIETTA 5 | C65: G695885433 | D65: CIN | E65: SPCM | F65: 46039 | G65: ZP661-25136 | H65: Starlight, 64 GB, iPad Air 5th generation, Wi-Fi, ITP | I65: H0KKW31XH2 | J65: JF3G7NLXD0
A66: 20028275 | B66: MOBILECARE - GLORIETTA 5 | C66: G695556817 | D66: CIN | E66: SPCM | F66: 46036 | G66: ZP661-50228 | H66: iPad (A16) Wi-Fi, 128GB, Yellow, CI/AR, CN | I66: JN7QPNHR7H
A67: 20027368 | B67: MOBILECARE - GLORIETTA 5 | C67: G695548917 | D67: CIN | E67: SPCM | F67: 46036 | G67: PP661-22986 | H67: Starlight, 256 GB, iPhone 13, ROW, CI/AR, Philippines | I67: HT2CQQTCF6 | J67: V7G7WLHF6T
A68: 20027178 | B68: MOBILECARE - GLORIETTA 5 | C68: G695530425 | D68: CIN | E68: SPCM | F68: 46037 | G68: 661-25623 | H68: Logic Board, M2, 8-Core CPU, 8-core GPU, 8 GB, 256 GB | I68: C02312403KM0W98AU | J68: C02319203GL0W9CAF
A69: 20025335 | B69: MOBILECARE - GLORIETTA 5 | C69: G695524981 | D69: CIN | E69: SPCM | F69: 46036 | G69: ZP661-28887 | H69: Yellow, iPad 10th generation, 64GB, Wi-Fi, ITP | I69: LQ93F9QG09
A70: 20027416 | B70: MOBILECARE - GLORIETTA 5 | C70: G695469563 | D70: CIN | E70: SPCM | F70: 46027 | G70: ZP661-50227 | H70: iPad (A16) Wi-Fi, 128GB, Blue, CI/AR, CN | I70: K9Q37W7GX1 | J70: DG3H360369
A71: 20022611 | B71: MOBILECARE - GLORIETTA 5 | C71: G695360625 | D71: CIN | E71: SPCM | F71: 46029 | G71: ZP661-22034 | H71: Space Gray, 64 GB, iPad 9th Generation, Wi-Fi, ITP | I71: JHYYF1WW15
A72: 20026298 | B72: MOBILECARE - GLORIETTA 5 | C72: G679690956 | D72: CIN | E72: SPCM | F72: 46031 | G72: 661-25627 | H72: Logic Board, M2, 8-Core CPU, 8-core GPU, 16 GB, 256 GB | I72: FV943360G3V0W9GHM | J72: FV951440EKM0W9FL7
A73: 20026344 | B73: MOBILECARE - GLORIETTA 5 | C73: G695052473 | D73: CIN | E73: SPCM | F73: 46025 | G73: ZP661-42973 | H73: Purple, 128GB, iPad mini, Wi-Fi, CI/AR, ITP | I73: H0W7JX7FHJ | J73: G2519NX237
A74: 20023307 | B74: MOBILECARE - GLORIETTA 5 | C74: G693985755 | D74: CIN | E74: SPCM | F74: 46024 | G74: ZP661-40053 | H74: Blue, iPad Air 11-inch (M2), 128GB, Wi-Fi, ITP | I74: LDXVT7M59K
A75: 20012624 | B75: MOBILECARE - GLORIETTA 5 | C75: G688563451 | D75: CIN | E75: SCOM | F75: 46098 | G75: 923-10996 | H75: Top Speaker, iPhone 16 Plus, non MMwave | I75: F4KH9400PRY0000HKF | J75: DTVH8Z618M40000CZS
A76: 20057546 | B76: MOBILECARE - DAVAO | C76: G711991881 | D76: CIN | E76: SPCM | F76: 46187 | G76: TA661-36896 | H76: Natural, iPhone 15 Pro Max, 256GB, ROW, CI/AR, Taiwan | I76: M4T1Q4XHTF
A77: 20057881 | B77: MOBILECARE - DAVAO | C77: G710655533 | D77: CIN | E77: SPCM | F77: 46141 | G77: 661-21996 | H77: Battery, iPhone 13 Pro | I77: F8Y5516CM0N13RHCT | J77: F8Y2203132S13RFBP
A78: 20056843 | B78: MOBILECARE - DAVAO | C78: G709583221 | D78: CIN | E78: SPCM | F78: 46158 | G78: TA661-36693 | H78: iPhone 15, Yellow, 128GB, Logic Board Assy Mid System, ROW | I78: KPQJFJ1WQX
A79: 20040587 | B79: MOBILECARE - DAVAO | C79: G707136679 | D79: CIN | E79: SPCM | F79: 46134 | G79: ZP661-43552 | H79: Watch Series 10 GPS, 46mm, Aluminum, Jet Black, CI/AR, CN, ITP | I79: HQN7LXL2GN
A80: 20049975 | B80: MOBILECARE - DAVAO | C80: G705834143 | D80: CIN | E80: SPCM | F80: 46117 | G80: 661-44797 | H80: Display, iPhone 16 | I80: G9QHQHY08TQ00004Y7 | J80: G9QHCJG1X3R00004Y7
A81: 20046220 | B81: MOBILECARE - DAVAO | C81: G703959871 | D81: CIN | E81: SPCM | F81: 46103 | G81: ZP661-50266 | H81: iPad Air 11-inch (M3) Wi-Fi, 256GB, Space Gray, CI/AR, CN | I81: JN9Y9KRXP3
A82: 20042905 | B82: MOBILECARE - DAVAO | C82: G702557063 | D82: CIN | E82: SPCM | F82: 46091 | G82: ZP661-50229 | H82: iPad (A16) Wi-Fi, 128GB, Pink, CI/AR, CN | I82: JP4V955CF7
A83: 20039268 | B83: MOBILECARE - DAVAO | C83: G701436319 | D83: CIN | E83: SPCM | F83: 46067 | G83: 661-21988 | H83: Display, iPhone 13 | I83: G9Q5172CEGLPR5QAM | J83: GVH52041RRAPR5PAS
A84: 20034998 | B84: MOBILECARE - DAVAO | C84: G699456043 | D84: CIN | E84: SPCM | F84: 46057 | G84: ZP661-50262 | H84: iPad Air 11-inch (M3) Wi-Fi, 128GB, Space Gray, CI/AR, CN | I84: DL7PL23LX7
A85: 20034881 | B85: MOBILECARE - DAVAO | C85: G699139889 | D85: CIN | E85: SPCM | F85: 46062 | G85: ZP661-28892 | H85: Pink, iPad 10th generation, 256GB, Wi-Fi, ITP | I85: C60L9J6N40
A86: 20033769 | B86: MOBILECARE - DAVAO | C86: G698162547 | D86: CIN | E86: SPCM | F86: 46053 | G86: TA661-43605 | H86: 128GB, Black, ROW, iPhone 16, Logic Board Assy Mid System | I86: M2HCFY21QL
A87: 20033092 | B87: MOBILECARE - DAVAO | C87: G698161189 | D87: CIN | E87: SPCM | F87: 46042 | G87: 661-42726 | H87: Display, iPhone 16 Pro | I87: G9PHK6F2YGT00005DP | J87: G9NHCPG1X6500005DP
A88: 20033406 | B88: MOBILECARE - DAVAO | C88: G698050771 | D88: CIN | E88: SPCM | F88: 46045 | G88: 661-44955 | H88: Display, iPhone 16 Pro Max | I88: G9PHFBK3HT300005DR | J88: GVCHAU03VUB00005DS
A89: 20033011 | B89: MOBILECARE - DAVAO | C89: G698035501 | D89: CIN | E89: SCOM | F89: 46056 | G89: PP661-23455 | H89: iPhone 13, Starlight, 128GB, Logic Board Assy Rear System, ROW | I89: JK07HD70N1
A90: 20030997 | B90: MOBILECARE - DAVAO | C90: G698030757 | D90: CIN | E90: SPCM | F90: 46061 | G90: ZA661-41635 | H90: SVC,APPLE PENCIL PRO-ITS | I90: DWVW773HYT
A91: 20033292 | B91: MOBILECARE - DAVAO | C91: G698021029 | D91: CIN | E91: SPCM | F91: 46053 | G91: ZP661-43624 | H91: Watch Series 10 GPS, 46mm, Aluminum, Jet Black, CI/AR, VN, ITP | I91: CC25W4P4LF
A92: 20032494 | B92: MOBILECARE - DAVAO | C92: G697967763 | D92: CIN | E92: SPCM | F92: 46045 | G92: 661-50106 | H92: Display, Sky Blue | I92: GMGHLE002LV0000GVK | J92: F0YHE80018X0000GVL
A93: 20032350 | B93: MOBILECARE - DAVAO | C93: G697753715 | D93: CIN | E93: SPCM | F93: 46043 | G93: PP661-23455 | H93: iPhone 13, Starlight, 128GB, Logic Board Assy Rear System, ROW | I93: GPFQX2MK0P
A94: 20031660 | B94: MOBILECARE - DAVAO | C94: G697750021 | D94: CIN | E94: SPCM | F94: 46035 | G94: 661-42726 | H94: Display, iPhone 16 Pro | I94: G9PHJPT0LRP00005DP | J94: GVCHAJ00PUV00005DQ
A95: 20032557 | B95: MOBILECARE - DAVAO | C95: G697726219 | D95: CIN | E95: SPCM | F95: 46048 | G95: ZP661-50231 | H95: iPad (A16) Wi-Fi, 256GB, Blue, CI/AR, CN | I95: L99K4W6H93
A96: 20030620 | B96: MOBILECARE - DAVAO | C96: G697718641 | D96: CIN | E96: SPCM | F96: 46048 | G96: TA661-43610 | H96: 256GB, Black, ROW, iPhone 16, Logic Board Assy Mid System | I96: J54D661QH7
A97: 20032611 | B97: MOBILECARE - DAVAO | C97: G697627975 | D97: CIN | E97: SPCM | F97: 46043 | G97: 661-56066 | H97: Front Camera, iPhone 17 | I97: DNPHLB00PEZ0001BHN | J97: GMHHJ002MN10000M4H
A98: 20031777 | B98: MOBILECARE - DAVAO | C98: G697403345 | D98: CIN | E98: SPCM | F98: 46040 | G98: 661-40647 | H98: Display, Midnight, AS | I98: GMG5277009M1J87A2 | J98: F0Y515602121J87AX
A99: 20031455 | B99: MOBILECARE - DAVAO | C99: G697390553 | D99: CIN | E99: SPCM | F99: 46040 | G99: Z661-43090 | H99: AirPods 4, Case, CI/AR, CN, INT | I99: H0X4X4X0W7
A100: 20031454 | B100: MOBILECARE - DAVAO | C100: G697384803 | D100: CIN | E100: SPCM | F100: 46053 | G100: PP661-23455 | H100: iPhone 13, Starlight, 128GB, Logic Board Assy Rear System, ROW | I100: FN7XRQF964
A101: 20031948 | B101: MOBILECARE - DAVAO | C101: G697380997 | D101: CIN | E101: SPCM | F101: 46044 | G101: ZP661-50226 | H101: iPad (A16) Wi-Fi, 128GB, Silver, CI/AR, CN | I101: MWW7320LXJ
A102: 20031643 | B102: MOBILECARE - DAVAO | C102: G697372271 | D102: CIN | E102: SPCM | F102: 46048 | G102: PP661-23454 | H102: iPhone 13, Midnight, 128GB, Logic Board Assy Rear System, ROW | I102: KPQ6W6Y2R0
A103: 20030697 | B103: MOBILECARE - DAVAO | C103: G697355255 | D103: CIN | E103: SPCM | F103: 46034 | G103: 661-35875 | H103: Display, Silver | I103: GHQ438701361R7TBA | J103: GHQ349500581R7TB4
A104: 20029059 | B104: MOBILECARE - DAVAO | C104: G697355153 | D104: CIN | E104: SPCM | F104: 46045 | G104: PP661-23455 | H104: iPhone 13, Starlight, 128GB, Logic Board Assy Rear System, ROW | I104: HM36GHW92D
A105: 20031878 | B105: MOBILECARE - DAVAO | C105: G697288285 | D105: CIN | E105: SPCM | F105: 46050 | G105: 661-25627 | H105: Logic Board, M2, 8-Core CPU, 8-core GPU, 16 GB, 256 GB | I105: C02326300DC0W9DA7 | J105: FV945150C3B0W9GL5
A106: 20031536 | B106: MOBILECARE - DAVAO | C106: G697281115 | D106: CIN | E106: SPCM | F106: 46044 | G106: PP661-23455 | H106: iPhone 13, Starlight, 128GB, Logic Board Assy Rear System, ROW | I106: C49D91CQJD
A107: 20031782 | B107: MOBILECARE - DAVAO | C107: G697277287 | D107: CIN | E107: SPCM | F107: 46034 | G107: 661-44955 | H107: Display, iPhone 16 Pro Max | I107: G9PHJRS0C3200005DR | J107: GH3HAW00GG900005DS
A108: 20031255 | B108: MOBILECARE - DAVAO | C108: G697249245 | D108: CIN | E108: SPCM | F108: 46045 | G108: 661-50047 | H108: Logic Board, M4, 10-core CPU, 8-core GPU, 16 GB, 256 GB | I108: C02HD80003M0000KL3 | J108: C02HHZ00AGN0000P0R
A109: 20031592 | B109: MOBILECARE - DAVAO | C109: G697241853 | D109: CIN | E109: SPCM | F109: 46049 | G109: ZP661-50227 | H109: iPad (A16) Wi-Fi, 128GB, Blue, CI/AR, CN | I109: L6T27MW0VV
A110: 20030599 | B110: MOBILECARE - DAVAO | C110: G697235267 | D110: CIN | E110: SPCM | F110: 46046 | G110: 661-30397 | H110: Battery, iPhone 14 Pro Max | I110: F8Y5437CJMU20J9BM | J110: F8Y25361AGU20JC28
A111: 20030304 | B111: MOBILECARE - DAVAO | C111: G697234839 | D111: CIN | E111: SPCM | F111: 46047 | G111: 661-30397 | H111: Battery, iPhone 14 Pro Max | I111: F8Y5437CJMV20J9BL | J111: F8Y246703FT20J92G
A112: 20026832 | B112: MOBILECARE - DAVAO | C112: G697105019 | D112: CIN | E112: SPCM | F112: 46045 | G112: TA661-55208 | H112: Deep Blue, 256GB, iPhone 17 Pro Max, ROW, CI/AR, Taiwan | I112: GG6Q56JX2C
A113: 20031185 | B113: MOBILECARE - DAVAO | C113: G696856041 | D113: CIN | E113: SPCM | F113: 46047 | G113: 661-25627 | H113: Logic Board, M2, 8-Core CPU, 8-core GPU, 16 GB, 256 GB | I113: C022346013K0W9GAX | J113: FV9516405570W9FLY
A114: 20031016 | B114: MOBILECARE - DAVAO | C114: G696855747 | D114: CIN | E114: SPCM | F114: 46054 | G114: PP661-23455 | H114: iPhone 13, Starlight, 128GB, Logic Board Assy Rear System, ROW | I114: LMC29MWFHH
A115: 20030986 | B115: MOBILECARE - DAVAO | C115: G696843711 | D115: CIN | E115: SPCM | F115: 46040 | G115: 661-25627 | H115: Logic Board, M2, 8-Core CPU, 8-core GPU, 16 GB, 256 GB | I115: C02229501KE0W9GA9 | J115: FV951530CAW0W9FLR
A116: 20030956 | B116: MOBILECARE - DAVAO | C116: G696833193 | D116: CIN | E116: SPCM | F116: 46050 | G116: PP661-23455 | H116: iPhone 13, Starlight, 128GB, Logic Board Assy Rear System, ROW | I116: K2CLJWX422
A117: 20030540 | B117: MOBILECARE - DAVAO | C117: G696804061 | D117: CIN | E117: SPCM | F117: 46048 | G117: ZP661-50227 | H117: iPad (A16) Wi-Fi, 128GB, Blue, CI/AR, CN | I117: K5CFX042LN
A118: 20030991 | B118: MOBILECARE - DAVAO | C118: G696754317 | D118: CIN | E118: SPCM | F118: 46029 | G118: 661-21991 | H118: Battery, iPhone 13 | I118: F8Y5246C4QJ18FKBW | J118: F8Y21021KY818FLAU
A119: 20030636 | B119: MOBILECARE - DAVAO | C119: G696715683 | D119: CIN | E119: SPCM | F119: 46052 | G119: PP661-28868 | H119: iPhone 14, Midnight, 128GB, Logic Board Assy Mid System, ROW | I119: X160197RH3
A120: 20030281 | B120: MOBILECARE - DAVAO | C120: G696640985 | D120: CIN | E120: SPCM | F120: 46049 | G120: PP661-23454 | H120: iPhone 13, Midnight, 128GB, Logic Board Assy Rear System, ROW | I120: FKH941QV67
A121: 20029026 | B121: MOBILECARE - DAVAO | C121: G696626507 | D121: CIN | E121: SPCM | F121: 46046 | G121: TA661-55149 | H121: Silver, 256GB, iPhone 17 Pro, ROW, CI/AR, Taiwan | I121: V30VXR63HP
A122: 20030240 | B122: MOBILECARE - DAVAO | C122: G696625707 | D122: CIN | E122: SPCM | F122: 46044 | G122: PP661-23454 | H122: iPhone 13, Midnight, 128GB, Logic Board Assy Rear System, ROW | I122: K179NVYMFM
A123: 20027236 | B123: MOBILECARE - DAVAO | C123: G696613609 | D123: CIN | E123: SPCM | F123: 46049 | G123: TA661-55209 | H123: Silver, 512GB, iPhone 17 Pro Max, ROW, CI/AR, Taiwan | I123: HXP6WWCJ7G
A124: 20030179 | B124: MOBILECARE - DAVAO | C124: G696603239 | D124: CIN | E124: SPCM | F124: 46047 | G124: PP661-23454 | H124: iPhone 13, Midnight, 128GB, Logic Board Assy Rear System, ROW | I124: CP4FG97DW0
A125: 20030351 | B125: MOBILECARE - DAVAO | C125: G696601385 | D125: CIN | E125: SPCM | F125: 46039 | G125: 661-44956 | H125: TrueDepth Camera, iPhone 16 Pro Max | I125: GMHHGX02FET0000BXF | J125: FNJHB5V0GZG0000BXF
A126: 20030581 | B126: MOBILECARE - DAVAO | C126: G696587725 | D126: CIN | E126: SPCM | F126: 46047 | G126: ZP661-50226 | H126: iPad (A16) Wi-Fi, 128GB, Silver, CI/AR, CN | I126: MHJKPWNRLY
A127: 20025101 | B127: MOBILECARE - DAVAO | C127: G696501375 | D127: CIN | E127: SPCM | F127: 46054 | G127: TA661-45321 | H127: 256GB, Black Titanium, ROW, iPhone 16 Pro Max, Logic Board Assy Mid Syst | I127: LW17TK2LC4
A128: 20030356 | B128: MOBILECARE - DAVAO | C128: G696480713 | D128: CIN | E128: SPCM | F128: 46038 | G128: 661-44956 | H128: TrueDepth Camera, iPhone 16 Pro Max | I128: GMHHGS00YV00000BXF | J128: FNJH9XC00NL0000BXF
A129: 20030356 | B129: MOBILECARE - DAVAO | C129: G696480713 | D129: CIN | E129: SPCM | F129: 46038 | G129: 661-44957 | H129: Camera, iPhone 16 Pro Max | I129: DN8HEP08DRT00006S2 | J129: F0WH9P001TX000064R
...

Sheet iPhones
A1: iPhones Parts Usage Report
A2: Month | B2: Repair Closed Date | C2: Site Name | D2: Part Number | E2: Part Description
A3: =TEXT(B3:B6356,"MMMM") -> April | B3: =IFERROR(__xludf.DUMMYFUNCTION("IFERROR(CHOOSECOLS(FILTER(Masterlist!A3:J6356, ISNUMBER(SEARCH(""IPHONE"", Masterlist!H3:H6356))), 6, 2, 7, 8), ""No iPhones Found"")"),46123.0) -> 46123 | C3: =IFERROR(__xludf.DUMMYFUNCTION("""COMPUTED_VALUE"""),"MOBILECARE - GLORIETTA 5") -> MOBILECARE - GLORIETTA 5 | D3: =IFERROR(__xludf.DUMMYFUNCTION("""COMPUTED_VALUE"""),"661-36918") -> 661-36918 | E3: =IFERROR(__xludf.DUMMYFUNCTION("""COMPUTED_VALUE"""),"Battery, iPhone 15 Pro Max") -> Battery, iPhone 15 Pro Max
A4: =TEXT(B4:B6357,"MMMM") -> April | B4: =IFERROR(__xludf.DUMMYFUNCTION("""COMPUTED_VALUE"""),46117.0) -> 46117 | C4: =IFERROR(__xludf.DUMMYFUNCTION("""COMPUTED_VALUE"""),"MOBILECARE - GLORIETTA 5") -> MOBILECARE - GLORIETTA 5 | D4: =IFERROR(__xludf.DUMMYFUNCTION("""COMPUTED_VALUE"""),"661-56050") -> 661-56050 | E4: =IFERROR(__xludf.DUMMYFUNCTION("""COMPUTED_VALUE"""),"Display, iPhone 17 Pro Max") -> Display, iPhone 17 Pro Max
A5: =TEXT(B5:B6358,"MMMM") -> February | B5: =IFERROR(__xludf.DUMMYFUNCTION("""COMPUTED_VALUE"""),46058.0) -> 46058 | C5: =IFERROR(__xludf.DUMMYFUNCTION("""COMPUTED_VALUE"""),"MOBILECARE - GLORIETTA 5") -> MOBILECARE - GLORIETTA 5 | D5: =IFERROR(__xludf.DUMMYFUNCTION("""COMPUTED_VALUE"""),"661-21991") -> 661-21991 | E5: =IFERROR(__xludf.DUMMYFUNCTION("""COMPUTED_VALUE"""),"Battery, iPhone 13") -> Battery, iPhone 13
A6: =TEXT(B6:B6359,"MMMM") -> January | B6: =IFERROR(__xludf.DUMMYFUNCTION("""COMPUTED_VALUE"""),46033.0) -> 46033 | C6: =IFERROR(__xludf.DUMMYFUNCTION("""COMPUTED_VALUE"""),"MOBILECARE - GLORIETTA 5") -> MOBILECARE - GLORIETTA 5 | D6: =IFERROR(__xludf.DUMMYFUNCTION("""COMPUTED_VALUE"""),"661-18428") -> 661-18428 | E6: =IFERROR(__xludf.DUMMYFUNCTION("""COMPUTED_VALUE"""),"Battery, iPhone 12 Pro Max") -> Battery, iPhone 12 Pro Max
A7: =TEXT(B7:B6360,"MMMM") -> January | B7: =IFERROR(__xludf.DUMMYFUNCTION("""COMPUTED_VALUE"""),46038.0) -> 46038 | C7: =IFERROR(__xludf.DUMMYFUNCTION("""COMPUTED_VALUE"""),"MOBILECARE - GLORIETTA 5") -> MOBILECARE - GLORIETTA 5 | D7: =IFERROR(__xludf.DUMMYFUNCTION("""COMPUTED_VALUE"""),"661-21991") -> 661-21991 | E7: =IFERROR(__xludf.DUMMYFUNCTION("""COMPUTED_VALUE"""),"Battery, iPhone 13") -> Battery, iPhone 13
A8: =TEXT(B8:B6361,"MMMM") -> January | B8: =IFERROR(__xludf.DUMMYFUNCTION("""COMPUTED_VALUE"""),46049.0) -> 46049 | C8: =IFERROR(__xludf.DUMMYFUNCTION("""COMPUTED_VALUE"""),"MOBILECARE - GLORIETTA 5") -> MOBILECARE - GLORIETTA 5 | D8: =IFERROR(__xludf.DUMMYFUNCTION("""COMPUTED_VALUE"""),"661-36918") -> 661-36918 | E8: =IFERROR(__xludf.DUMMYFUNCTION("""COMPUTED_VALUE"""),"Battery, iPhone 15 Pro Max") -> Battery, iPhone 15 Pro Max
A9: =TEXT(B9:B6362,"MMMM") -> January | B9: =IFERROR(__xludf.DUMMYFUNCTION("""COMPUTED_VALUE"""),46049.0) -> 46049 | C9: =IFERROR(__xludf.DUMMYFUNCTION("""COMPUTED_VALUE"""),"MOBILECARE - GLORIETTA 5") -> MOBILECARE - GLORIETTA 5 | D9: =IFERROR(__xludf.DUMMYFUNCTION("""COMPUTED_VALUE"""),"PP661-22985") -> PP661-22985 | E9: =IFERROR(__xludf.DUMMYFUNCTION("""COMPUTED_VALUE"""),"Midnight, 256 GB, iPhone 13, ROW, CI/AR, Philippines") -> Midnight, 256 GB, iPhone 13, ROW, CI/AR, Philippines
A10: =TEXT(B10:B6363,"MMMM") -> January | B10: =IFERROR(__xludf.DUMMYFUNCTION("""COMPUTED_VALUE"""),46036.0) -> 46036 | C10: =IFERROR(__xludf.DUMMYFUNCTION("""COMPUTED_VALUE"""),"MOBILECARE - GLORIETTA 5") -> MOBILECARE - GLORIETTA 5 | D10: =IFERROR(__xludf.DUMMYFUNCTION("""COMPUTED_VALUE"""),"661-22309") -> 661-22309 | E10: =IFERROR(__xludf.DUMMYFUNCTION("""COMPUTED_VALUE"""),"Display, iPhone 13 Pro Max") -> Display, iPhone 13 Pro Max
A11: =TEXT(B11:B6364,"MMMM") -> January | B11: =IFERROR(__xludf.DUMMYFUNCTION("""COMPUTED_VALUE"""),46038.0) -> 46038 | C11: =IFERROR(__xludf.DUMMYFUNCTION("""COMPUTED_VALUE"""),"MOBILECARE - GLORIETTA 5") -> MOBILECARE - GLORIETTA 5 | D11: =IFERROR(__xludf.DUMMYFUNCTION("""COMPUTED_VALUE"""),"661-21991") -> 661-21991 | E11: =IFERROR(__xludf.DUMMYFUNCTION("""COMPUTED_VALUE"""),"Battery, iPhone 13") -> Battery, iPhone 13
A12: =TEXT(B12:B6365,"MMMM") -> January | B12: =IFERROR(__xludf.DUMMYFUNCTION("""COMPUTED_VALUE"""),46041.0) -> 46041 | C12: =IFERROR(__xludf.DUMMYFUNCTION("""COMPUTED_VALUE"""),"MOBILECARE - GLORIETTA 5") -> MOBILECARE - GLORIETTA 5 | D12: =IFERROR(__xludf.DUMMYFUNCTION("""COMPUTED_VALUE"""),"661-36913") -> 661-36913 | E12: =IFERROR(__xludf.DUMMYFUNCTION("""COMPUTED_VALUE"""),"Natural Titanium, Millimeter Wave, Back Glass, iPhone 15 Pro Max") -> Natural Titanium, Millimeter Wave, Back Glass, iPhone 15 Pro Max
A13: =TEXT(B13:B6366,"MMMM") -> January | B13: =IFERROR(__xludf.DUMMYFUNCTION("""COMPUTED_VALUE"""),46031.0) -> 46031 | C13: =IFERROR(__xludf.DUMMYFUNCTION("""COMPUTED_VALUE"""),"MOBILECARE - GLORIETTA 5") -> MOBILECARE - GLORIETTA 5 | D13: =IFERROR(__xludf.DUMMYFUNCTION("""COMPUTED_VALUE"""),"661-17920") -> 661-17920 | E13: =IFERROR(__xludf.DUMMYFUNCTION("""COMPUTED_VALUE"""),"Battery, iPhone 12 and 12 Pro") -> Battery, iPhone 12 and 12 Pro
A14: =TEXT(B14:B6367,"MMMM") -> January | B14: =IFERROR(__xludf.DUMMYFUNCTION("""COMPUTED_VALUE"""),46048.0) -> 46048 | C14: =IFERROR(__xludf.DUMMYFUNCTION("""COMPUTED_VALUE"""),"MOBILECARE - GLORIETTA 5") -> MOBILECARE - GLORIETTA 5 | D14: =IFERROR(__xludf.DUMMYFUNCTION("""COMPUTED_VALUE"""),"PP661-22980") -> PP661-22980 | E14: =IFERROR(__xludf.DUMMYFUNCTION("""COMPUTED_VALUE"""),"Midnight, 128 GB, iPhone 13, ROW, CI/AR, Philippines") -> Midnight, 128 GB, iPhone 13, ROW, CI/AR, Philippines
A15: =TEXT(B15:B6368,"MMMM") -> January | B15: =IFERROR(__xludf.DUMMYFUNCTION("""COMPUTED_VALUE"""),46035.0) -> 46035 | C15: =IFERROR(__xludf.DUMMYFUNCTION("""COMPUTED_VALUE"""),"MOBILECARE - GLORIETTA 5") -> MOBILECARE - GLORIETTA 5 | D15: =IFERROR(__xludf.DUMMYFUNCTION("""COMPUTED_VALUE"""),"661-22309") -> 661-22309 | E15: =IFERROR(__xludf.DUMMYFUNCTION("""COMPUTED_VALUE"""),"Display, iPhone 13 Pro Max") -> Display, iPhone 13 Pro Max
A16: =TEXT(B16:B6369,"MMMM") -> January | B16: =IFERROR(__xludf.DUMMYFUNCTION("""COMPUTED_VALUE"""),46043.0) -> 46043 | C16: =IFERROR(__xludf.DUMMYFUNCTION("""COMPUTED_VALUE"""),"MOBILECARE - GLORIETTA 5") -> MOBILECARE - GLORIETTA 5 | D16: =IFERROR(__xludf.DUMMYFUNCTION("""COMPUTED_VALUE"""),"PP661-22981") -> PP661-22981 | E16: =IFERROR(__xludf.DUMMYFUNCTION("""COMPUTED_VALUE"""),"Starlight, 128 GB, iPhone 13, ROW, CI/AR, Philippines") -> Starlight, 128 GB, iPhone 13, ROW, CI/AR, Philippines
A17: =TEXT(B17:B6370,"MMMM") -> January | B17: =IFERROR(__xludf.DUMMYFUNCTION("""COMPUTED_VALUE"""),46028.0) -> 46028 | C17: =IFERROR(__xludf.DUMMYFUNCTION("""COMPUTED_VALUE"""),"MOBILECARE - GLORIETTA 5") -> MOBILECARE - GLORIETTA 5 | D17: =IFERROR(__xludf.DUMMYFUNCTION("""COMPUTED_VALUE"""),"661-21991") -> 661-21991 | E17: =IFERROR(__xludf.DUMMYFUNCTION("""COMPUTED_VALUE"""),"Battery, iPhone 13") -> Battery, iPhone 13
A18: =TEXT(B18:B6371,"MMMM") -> January | B18: =IFERROR(__xludf.DUMMYFUNCTION("""COMPUTED_VALUE"""),46035.0) -> 46035 | C18: =IFERROR(__xludf.DUMMYFUNCTION("""COMPUTED_VALUE"""),"MOBILECARE - GLORIETTA 5") -> MOBILECARE - GLORIETTA 5 | D18: =IFERROR(__xludf.DUMMYFUNCTION("""COMPUTED_VALUE"""),"661-30373") -> 661-30373 | E18: =IFERROR(__xludf.DUMMYFUNCTION("""COMPUTED_VALUE"""),"Battery, iPhone 14") -> Battery, iPhone 14
A19: =TEXT(B19:B6372,"MMMM") -> January | B19: =IFERROR(__xludf.DUMMYFUNCTION("""COMPUTED_VALUE"""),46042.0) -> 46042 | C19: =IFERROR(__xludf.DUMMYFUNCTION("""COMPUTED_VALUE"""),"MOBILECARE - GLORIETTA 5") -> MOBILECARE - GLORIETTA 5 | D19: =IFERROR(__xludf.DUMMYFUNCTION("""COMPUTED_VALUE"""),"PP661-22986") -> PP661-22986 | E19: =IFERROR(__xludf.DUMMYFUNCTION("""COMPUTED_VALUE"""),"Starlight, 256 GB, iPhone 13, ROW, CI/AR, Philippines") -> Starlight, 256 GB, iPhone 13, ROW, CI/AR, Philippines
A20: =TEXT(B20:B6373,"MMMM") -> January | B20: =IFERROR(__xludf.DUMMYFUNCTION("""COMPUTED_VALUE"""),46031.0) -> 46031 | C20: =IFERROR(__xludf.DUMMYFUNCTION("""COMPUTED_VALUE"""),"MOBILECARE - GLORIETTA 5") -> MOBILECARE - GLORIETTA 5 | D20: =IFERROR(__xludf.DUMMYFUNCTION("""COMPUTED_VALUE"""),"661-22309") -> 661-22309 | E20: =IFERROR(__xludf.DUMMYFUNCTION("""COMPUTED_VALUE"""),"Display, iPhone 13 Pro Max") -> Display, iPhone 13 Pro Max
A21: =TEXT(B21:B6374,"MMMM") -> January | B21: =IFERROR(__xludf.DUMMYFUNCTION("""COMPUTED_VALUE"""),46030.0) -> 46030 | C21: =IFERROR(__xludf.DUMMYFUNCTION("""COMPUTED_VALUE"""),"MOBILECARE - GLORIETTA 5") -> MOBILECARE - GLORIETTA 5 | D21: =IFERROR(__xludf.DUMMYFUNCTION("""COMPUTED_VALUE"""),"661-22309") -> 661-22309 | E21: =IFERROR(__xludf.DUMMYFUNCTION("""COMPUTED_VALUE"""),"Display, iPhone 13 Pro Max") -> Display, iPhone 13 Pro Max
A22: =TEXT(B22:B6375,"MMMM") -> January | B22: =IFERROR(__xludf.DUMMYFUNCTION("""COMPUTED_VALUE"""),46026.0) -> 46026 | C22: =IFERROR(__xludf.DUMMYFUNCTION("""COMPUTED_VALUE"""),"MOBILECARE - GLORIETTA 5") -> MOBILECARE - GLORIETTA 5 | D22: =IFERROR(__xludf.DUMMYFUNCTION("""COMPUTED_VALUE"""),"661-21991") -> 661-21991 | E22: =IFERROR(__xludf.DUMMYFUNCTION("""COMPUTED_VALUE"""),"Battery, iPhone 13") -> Battery, iPhone 13
A23: =TEXT(B23:B6376,"MMMM") -> January | B23: =IFERROR(__xludf.DUMMYFUNCTION("""COMPUTED_VALUE"""),46028.0) -> 46028 | C23: =IFERROR(__xludf.DUMMYFUNCTION("""COMPUTED_VALUE"""),"MOBILECARE - GLORIETTA 5") -> MOBILECARE - GLORIETTA 5 | D23: =IFERROR(__xludf.DUMMYFUNCTION("""COMPUTED_VALUE"""),"661-13574") -> 661-13574 | E23: =IFERROR(__xludf.DUMMYFUNCTION("""COMPUTED_VALUE"""),"Battery, iPhone 11") -> Battery, iPhone 11
A24: =TEXT(B24:B6377,"MMMM") -> January | B24: =IFERROR(__xludf.DUMMYFUNCTION("""COMPUTED_VALUE"""),46030.0) -> 46030 | C24: =IFERROR(__xludf.DUMMYFUNCTION("""COMPUTED_VALUE"""),"MOBILECARE - GLORIETTA 5") -> MOBILECARE - GLORIETTA 5 | D24: =IFERROR(__xludf.DUMMYFUNCTION("""COMPUTED_VALUE"""),"661-17920") -> 661-17920 | E24: =IFERROR(__xludf.DUMMYFUNCTION("""COMPUTED_VALUE"""),"Battery, iPhone 12 and 12 Pro") -> Battery, iPhone 12 and 12 Pro
A25: =TEXT(B25:B6378,"MMMM") -> January | B25: =IFERROR(__xludf.DUMMYFUNCTION("""COMPUTED_VALUE"""),46039.0) -> 46039 | C25: =IFERROR(__xludf.DUMMYFUNCTION("""COMPUTED_VALUE"""),"MOBILECARE - GLORIETTA 5") -> MOBILECARE - GLORIETTA 5 | D25: =IFERROR(__xludf.DUMMYFUNCTION("""COMPUTED_VALUE"""),"PP661-22981") -> PP661-22981 | E25: =IFERROR(__xludf.DUMMYFUNCTION("""COMPUTED_VALUE"""),"Starlight, 128 GB, iPhone 13, ROW, CI/AR, Philippines") -> Starlight, 128 GB, iPhone 13, ROW, CI/AR, Philippines
A26: =TEXT(B26:B6379,"MMMM") -> January | B26: =IFERROR(__xludf.DUMMYFUNCTION("""COMPUTED_VALUE"""),46038.0) -> 46038 | C26: =IFERROR(__xludf.DUMMYFUNCTION("""COMPUTED_VALUE"""),"MOBILECARE - GLORIETTA 5") -> MOBILECARE - GLORIETTA 5 | D26: =IFERROR(__xludf.DUMMYFUNCTION("""COMPUTED_VALUE"""),"PP661-22980") -> PP661-22980 | E26: =IFERROR(__xludf.DUMMYFUNCTION("""COMPUTED_VALUE"""),"Midnight, 128 GB, iPhone 13, ROW, CI/AR, Philippines") -> Midnight, 128 GB, iPhone 13, ROW, CI/AR, Philippines
A27: =TEXT(B27:B6380,"MMMM") -> January | B27: =IFERROR(__xludf.DUMMYFUNCTION("""COMPUTED_VALUE"""),46035.0) -> 46035 | C27: =IFERROR(__xludf.DUMMYFUNCTION("""COMPUTED_VALUE"""),"MOBILECARE - GLORIETTA 5") -> MOBILECARE - GLORIETTA 5 | D27: =IFERROR(__xludf.DUMMYFUNCTION("""COMPUTED_VALUE"""),"661-21991") -> 661-21991 | E27: =IFERROR(__xludf.DUMMYFUNCTION("""COMPUTED_VALUE"""),"Battery, iPhone 13") -> Battery, iPhone 13
A28: =TEXT(B28:B6381,"MMMM") -> January | B28: =IFERROR(__xludf.DUMMYFUNCTION("""COMPUTED_VALUE"""),46025.0) -> 46025 | C28: =IFERROR(__xludf.DUMMYFUNCTION("""COMPUTED_VALUE"""),"MOBILECARE - GLORIETTA 5") -> MOBILECARE - GLORIETTA 5 | D28: =IFERROR(__xludf.DUMMYFUNCTION("""COMPUTED_VALUE"""),"661-42726") -> 661-42726 | E28: =IFERROR(__xludf.DUMMYFUNCTION("""COMPUTED_VALUE"""),"Display, iPhone 16 Pro") -> Display, iPhone 16 Pro
A29: =TEXT(B29:B6382,"MMMM") -> January | B29: =IFERROR(__xludf.DUMMYFUNCTION("""COMPUTED_VALUE"""),46030.0) -> 46030 | C29: =IFERROR(__xludf.DUMMYFUNCTION("""COMPUTED_VALUE"""),"MOBILECARE - GLORIETTA 5") -> MOBILECARE - GLORIETTA 5 | D29: =IFERROR(__xludf.DUMMYFUNCTION("""COMPUTED_VALUE"""),"661-36906") -> 661-36906 | E29: =IFERROR(__xludf.DUMMYFUNCTION("""COMPUTED_VALUE"""),"Camera , iPhone 15 Pro Max") -> Camera , iPhone 15 Pro Max
A30: =TEXT(B30:B6383,"MMMM") -> January | B30: =IFERROR(__xludf.DUMMYFUNCTION("""COMPUTED_VALUE"""),46030.0) -> 46030 | C30: =IFERROR(__xludf.DUMMYFUNCTION("""COMPUTED_VALUE"""),"MOBILECARE - GLORIETTA 5") -> MOBILECARE - GLORIETTA 5 | D30: =IFERROR(__xludf.DUMMYFUNCTION("""COMPUTED_VALUE"""),"661-36916") -> 661-36916 | E30: =IFERROR(__xludf.DUMMYFUNCTION("""COMPUTED_VALUE"""),"TrueDepth Camera, iPhone 15 Pro Max") -> TrueDepth Camera, iPhone 15 Pro Max
A31: =TEXT(B31:B6384,"MMMM") -> January | B31: =IFERROR(__xludf.DUMMYFUNCTION("""COMPUTED_VALUE"""),46028.0) -> 46028 | C31: =IFERROR(__xludf.DUMMYFUNCTION("""COMPUTED_VALUE"""),"MOBILECARE - GLORIETTA 5") -> MOBILECARE - GLORIETTA 5 | D31: =IFERROR(__xludf.DUMMYFUNCTION("""COMPUTED_VALUE"""),"661-30397") -> 661-30397 | E31: =IFERROR(__xludf.DUMMYFUNCTION("""COMPUTED_VALUE"""),"Battery, iPhone 14 Pro Max") -> Battery, iPhone 14 Pro Max
A32: =TEXT(B32:B6385,"MMMM") -> January | B32: =IFERROR(__xludf.DUMMYFUNCTION("""COMPUTED_VALUE"""),46027.0) -> 46027 | C32: =IFERROR(__xludf.DUMMYFUNCTION("""COMPUTED_VALUE"""),"MOBILECARE - GLORIETTA 5") -> MOBILECARE - GLORIETTA 5 | D32: =IFERROR(__xludf.DUMMYFUNCTION("""COMPUTED_VALUE"""),"661-30382") -> 661-30382 | E32: =IFERROR(__xludf.DUMMYFUNCTION("""COMPUTED_VALUE"""),"Battery, iPhone 14 Pro") -> Battery, iPhone 14 Pro
A33: =TEXT(B33:B6386,"MMMM") -> January | B33: =IFERROR(__xludf.DUMMYFUNCTION("""COMPUTED_VALUE"""),46032.0) -> 46032 | C33: =IFERROR(__xludf.DUMMYFUNCTION("""COMPUTED_VALUE"""),"MOBILECARE - GLORIETTA 5") -> MOBILECARE - GLORIETTA 5 | D33: =IFERROR(__xludf.DUMMYFUNCTION("""COMPUTED_VALUE"""),"661-22309") -> 661-22309 | E33: =IFERROR(__xludf.DUMMYFUNCTION("""COMPUTED_VALUE"""),"Display, iPhone 13 Pro Max") -> Display, iPhone 13 Pro Max
A34: =TEXT(B34:B6387,"MMMM") -> January | B34: =IFERROR(__xludf.DUMMYFUNCTION("""COMPUTED_VALUE"""),46027.0) -> 46027 | C34: =IFERROR(__xludf.DUMMYFUNCTION("""COMPUTED_VALUE"""),"MOBILECARE - GLORIETTA 5") -> MOBILECARE - GLORIETTA 5 | D34: =IFERROR(__xludf.DUMMYFUNCTION("""COMPUTED_VALUE"""),"661-42726") -> 661-42726 | E34: =IFERROR(__xludf.DUMMYFUNCTION("""COMPUTED_VALUE"""),"Display, iPhone 16 Pro") -> Display, iPhone 16 Pro
A35: =TEXT(B35:B6388,"MMMM") -> January | B35: =IFERROR(__xludf.DUMMYFUNCTION("""COMPUTED_VALUE"""),46029.0) -> 46029 | C35: =IFERROR(__xludf.DUMMYFUNCTION("""COMPUTED_VALUE"""),"MOBILECARE - GLORIETTA 5") -> MOBILECARE - GLORIETTA 5 | D35: =IFERROR(__xludf.DUMMYFUNCTION("""COMPUTED_VALUE"""),"661-30397") -> 661-30397 | E35: =IFERROR(__xludf.DUMMYFUNCTION("""COMPUTED_VALUE"""),"Battery, iPhone 14 Pro Max") -> Battery, iPhone 14 Pro Max
A36: =TEXT(B36:B6389,"MMMM") -> January | B36: =IFERROR(__xludf.DUMMYFUNCTION("""COMPUTED_VALUE"""),46025.0) -> 46025 | C36: =IFERROR(__xludf.DUMMYFUNCTION("""COMPUTED_VALUE"""),"MOBILECARE - GLORIETTA 5") -> MOBILECARE - GLORIETTA 5 | D36: =IFERROR(__xludf.DUMMYFUNCTION("""COMPUTED_VALUE"""),"661-42727") -> 661-42727 | E36: =IFERROR(__xludf.DUMMYFUNCTION("""COMPUTED_VALUE"""),"TrueDepth Camera, iPhone 16 Pro") -> TrueDepth Camera, iPhone 16 Pro
A37: =TEXT(B37:B6390,"MMMM") -> January | B37: =IFERROR(__xludf.DUMMYFUNCTION("""COMPUTED_VALUE"""),46025.0) -> 46025 | C37: =IFERROR(__xludf.DUMMYFUNCTION("""COMPUTED_VALUE"""),"MOBILECARE - GLORIETTA 5") -> MOBILECARE - GLORIETTA 5 | D37: =IFERROR(__xludf.DUMMYFUNCTION("""COMPUTED_VALUE"""),"661-42728") -> 661-42728 | E37: =IFERROR(__xludf.DUMMYFUNCTION("""COMPUTED_VALUE"""),"Camera, iPhone 16 Pro") -> Camera, iPhone 16 Pro
A38: =TEXT(B38:B6391,"MMMM") -> January | B38: =IFERROR(__xludf.DUMMYFUNCTION("""COMPUTED_VALUE"""),46036.0) -> 46036 | C38: =IFERROR(__xludf.DUMMYFUNCTION("""COMPUTED_VALUE"""),"MOBILECARE - GLORIETTA 5") -> MOBILECARE - GLORIETTA 5 | D38: =IFERROR(__xludf.DUMMYFUNCTION("""COMPUTED_VALUE"""),"PP661-22986") -> PP661-22986 | E38: =IFERROR(__xludf.DUMMYFUNCTION("""COMPUTED_VALUE"""),"Starlight, 256 GB, iPhone 13, ROW, CI/AR, Philippines") -> Starlight, 256 GB, iPhone 13, ROW, CI/AR, Philippines
A39: =TEXT(B39:B6392,"MMMM") -> March | B39: =IFERROR(__xludf.DUMMYFUNCTION("""COMPUTED_VALUE"""),46098.0) -> 46098 | C39: =IFERROR(__xludf.DUMMYFUNCTION("""COMPUTED_VALUE"""),"MOBILECARE - GLORIETTA 5") -> MOBILECARE - GLORIETTA 5 | D39: =IFERROR(__xludf.DUMMYFUNCTION("""COMPUTED_VALUE"""),"923-10996") -> 923-10996 | E39: =IFERROR(__xludf.DUMMYFUNCTION("""COMPUTED_VALUE"""),"Top Speaker, iPhone 16 Plus, non MMwave") -> Top Speaker, iPhone 16 Plus, non MMwave
A40: =TEXT(B40:B6393,"MMMM") -> June | B40: =IFERROR(__xludf.DUMMYFUNCTION("""COMPUTED_VALUE"""),46187.0) -> 46187 | C40: =IFERROR(__xludf.DUMMYFUNCTION("""COMPUTED_VALUE"""),"MOBILECARE - DAVAO") -> MOBILECARE - DAVAO | D40: =IFERROR(__xludf.DUMMYFUNCTION("""COMPUTED_VALUE"""),"TA661-36896") -> TA661-36896 | E40: =IFERROR(__xludf.DUMMYFUNCTION("""COMPUTED_VALUE"""),"Natural, iPhone 15 Pro Max, 256GB, ROW, CI/AR, Taiwan") -> Natural, iPhone 15 Pro Max, 256GB, ROW, CI/AR, Taiwan
A41: =TEXT(B41:B6394,"MMMM") -> April | B41: =IFERROR(__xludf.DUMMYFUNCTION("""COMPUTED_VALUE"""),46141.0) -> 46141 | C41: =IFERROR(__xludf.DUMMYFUNCTION("""COMPUTED_VALUE"""),"MOBILECARE - DAVAO") -> MOBILECARE - DAVAO | D41: =IFERROR(__xludf.DUMMYFUNCTION("""COMPUTED_VALUE"""),"661-21996") -> 661-21996 | E41: =IFERROR(__xludf.DUMMYFUNCTION("""COMPUTED_VALUE"""),"Battery, iPhone 13 Pro") -> Battery, iPhone 13 Pro
A42: =TEXT(B42:B6395,"MMMM") -> May | B42: =IFERROR(__xludf.DUMMYFUNCTION("""COMPUTED_VALUE"""),46158.0) -> 46158 | C42: =IFERROR(__xludf.DUMMYFUNCTION("""COMPUTED_VALUE"""),"MOBILECARE - DAVAO") -> MOBILECARE - DAVAO | D42: =IFERROR(__xludf.DUMMYFUNCTION("""COMPUTED_VALUE"""),"TA661-36693") -> TA661-36693 | E42: =IFERROR(__xludf.DUMMYFUNCTION("""COMPUTED_VALUE"""),"iPhone 15, Yellow, 128GB, Logic Board Assy Mid System, ROW") -> iPhone 15, Yellow, 128GB, Logic Board Assy Mid System, ROW
A43: =TEXT(B43:B6396,"MMMM") -> April | B43: =IFERROR(__xludf.DUMMYFUNCTION("""COMPUTED_VALUE"""),46117.0) -> 46117 | C43: =IFERROR(__xludf.DUMMYFUNCTION("""COMPUTED_VALUE"""),"MOBILECARE - DAVAO") -> MOBILECARE - DAVAO | D43: =IFERROR(__xludf.DUMMYFUNCTION("""COMPUTED_VALUE"""),"661-44797") -> 661-44797 | E43: =IFERROR(__xludf.DUMMYFUNCTION("""COMPUTED_VALUE"""),"Display, iPhone 16") -> Display, iPhone 16
A44: =TEXT(B44:B6397,"MMMM") -> February | B44: =IFERROR(__xludf.DUMMYFUNCTION("""COMPUTED_VALUE"""),46067.0) -> 46067 | C44: =IFERROR(__xludf.DUMMYFUNCTION("""COMPUTED_VALUE"""),"MOBILECARE - DAVAO") -> MOBILECARE - DAVAO | D44: =IFERROR(__xludf.DUMMYFUNCTION("""COMPUTED_VALUE"""),"661-21988") -> 661-21988 | E44: =IFERROR(__xludf.DUMMYFUNCTION("""COMPUTED_VALUE"""),"Display, iPhone 13") -> Display, iPhone 13
A45: =TEXT(B45:B6398,"MMMM") -> January | B45: =IFERROR(__xludf.DUMMYFUNCTION("""COMPUTED_VALUE"""),46053.0) -> 46053 | C45: =IFERROR(__xludf.DUMMYFUNCTION("""COMPUTED_VALUE"""),"MOBILECARE - DAVAO") -> MOBILECARE - DAVAO | D45: =IFERROR(__xludf.DUMMYFUNCTION("""COMPUTED_VALUE"""),"TA661-43605") -> TA661-43605 | E45: =IFERROR(__xludf.DUMMYFUNCTION("""COMPUTED_VALUE"""),"128GB, Black, ROW, iPhone 16, Logic Board Assy Mid System") -> 128GB, Black, ROW, iPhone 16, Logic Board Assy Mid System
A46: =TEXT(B46:B6399,"MMMM") -> January | B46: =IFERROR(__xludf.DUMMYFUNCTION("""COMPUTED_VALUE"""),46042.0) -> 46042 | C46: =IFERROR(__xludf.DUMMYFUNCTION("""COMPUTED_VALUE"""),"MOBILECARE - DAVAO") -> MOBILECARE - DAVAO | D46: =IFERROR(__xludf.DUMMYFUNCTION("""COMPUTED_VALUE"""),"661-42726") -> 661-42726 | E46: =IFERROR(__xludf.DUMMYFUNCTION("""COMPUTED_VALUE"""),"Display, iPhone 16 Pro") -> Display, iPhone 16 Pro
A47: =TEXT(B47:B6400,"MMMM") -> January | B47: =IFERROR(__xludf.DUMMYFUNCTION("""COMPUTED_VALUE"""),46045.0) -> 46045 | C47: =IFERROR(__xludf.DUMMYFUNCTION("""COMPUTED_VALUE"""),"MOBILECARE - DAVAO") -> MOBILECARE - DAVAO | D47: =IFERROR(__xludf.DUMMYFUNCTION("""COMPUTED_VALUE"""),"661-44955") -> 661-44955 | E47: =IFERROR(__xludf.DUMMYFUNCTION("""COMPUTED_VALUE"""),"Display, iPhone 16 Pro Max") -> Display, iPhone 16 Pro Max
A48: =TEXT(B48:B6401,"MMMM") -> February | B48: =IFERROR(__xludf.DUMMYFUNCTION("""COMPUTED_VALUE"""),46056.0) -> 46056 | C48: =IFERROR(__xludf.DUMMYFUNCTION("""COMPUTED_VALUE"""),"MOBILECARE - DAVAO") -> MOBILECARE - DAVAO | D48: =IFERROR(__xludf.DUMMYFUNCTION("""COMPUTED_VALUE"""),"PP661-23455") -> PP661-23455 | E48: =IFERROR(__xludf.DUMMYFUNCTION("""COMPUTED_VALUE"""),"iPhone 13, Starlight, 128GB, Logic Board Assy Rear System, ROW") -> iPhone 13, Starlight, 128GB, Logic Board Assy Rear System, ROW
A49: =TEXT(B49:B6402,"MMMM") -> January | B49: =IFERROR(__xludf.DUMMYFUNCTION("""COMPUTED_VALUE"""),46043.0) -> 46043 | C49: =IFERROR(__xludf.DUMMYFUNCTION("""COMPUTED_VALUE"""),"MOBILECARE - DAVAO") -> MOBILECARE - DAVAO | D49: =IFERROR(__xludf.DUMMYFUNCTION("""COMPUTED_VALUE"""),"PP661-23455") -> PP661-23455 | E49: =IFERROR(__xludf.DUMMYFUNCTION("""COMPUTED_VALUE"""),"iPhone 13, Starlight, 128GB, Logic Board Assy Rear System, ROW") -> iPhone 13, Starlight, 128GB, Logic Board Assy Rear System, ROW
A50: =TEXT(B50:B6403,"MMMM") -> January | B50: =IFERROR(__xludf.DUMMYFUNCTION("""COMPUTED_VALUE"""),46035.0) -> 46035 | C50: =IFERROR(__xludf.DUMMYFUNCTION("""COMPUTED_VALUE"""),"MOBILECARE - DAVAO") -> MOBILECARE - DAVAO | D50: =IFERROR(__xludf.DUMMYFUNCTION("""COMPUTED_VALUE"""),"661-42726") -> 661-42726 | E50: =IFERROR(__xludf.DUMMYFUNCTION("""COMPUTED_VALUE"""),"Display, iPhone 16 Pro") -> Display, iPhone 16 Pro
A51: =TEXT(B51:B6404,"MMMM") -> January | B51: =IFERROR(__xludf.DUMMYFUNCTION("""COMPUTED_VALUE"""),46048.0) -> 46048 | C51: =IFERROR(__xludf.DUMMYFUNCTION("""COMPUTED_VALUE"""),"MOBILECARE - DAVAO") -> MOBILECARE - DAVAO | D51: =IFERROR(__xludf.DUMMYFUNCTION("""COMPUTED_VALUE"""),"TA661-43610") -> TA661-43610 | E51: =IFERROR(__xludf.DUMMYFUNCTION("""COMPUTED_VALUE"""),"256GB, Black, ROW, iPhone 16, Logic Board Assy Mid System") -> 256GB, Black, ROW, iPhone 16, Logic Board Assy Mid System
A52: =TEXT(B52:B6405,"MMMM") -> January | B52: =IFERROR(__xludf.DUMMYFUNCTION("""COMPUTED_VALUE"""),46043.0) -> 46043 | C52: =IFERROR(__xludf.DUMMYFUNCTION("""COMPUTED_VALUE"""),"MOBILECARE - DAVAO") -> MOBILECARE - DAVAO | D52: =IFERROR(__xludf.DUMMYFUNCTION("""COMPUTED_VALUE"""),"661-56066") -> 661-56066 | E52: =IFERROR(__xludf.DUMMYFUNCTION("""COMPUTED_VALUE"""),"Front Camera, iPhone 17") -> Front Camera, iPhone 17
A53: =TEXT(B53:B6406,"MMMM") -> January | B53: =IFERROR(__xludf.DUMMYFUNCTION("""COMPUTED_VALUE"""),46053.0) -> 46053 | C53: =IFERROR(__xludf.DUMMYFUNCTION("""COMPUTED_VALUE"""),"MOBILECARE - DAVAO") -> MOBILECARE - DAVAO | D53: =IFERROR(__xludf.DUMMYFUNCTION("""COMPUTED_VALUE"""),"PP661-23455") -> PP661-23455 | E53: =IFERROR(__xludf.DUMMYFUNCTION("""COMPUTED_VALUE"""),"iPhone 13, Starlight, 128GB, Logic Board Assy Rear System, ROW") -> iPhone 13, Starlight, 128GB, Logic Board Assy Rear System, ROW
A54: =TEXT(B54:B6407,"MMMM") -> January | B54: =IFERROR(__xludf.DUMMYFUNCTION("""COMPUTED_VALUE"""),46048.0) -> 46048 | C54: =IFERROR(__xludf.DUMMYFUNCTION("""COMPUTED_VALUE"""),"MOBILECARE - DAVAO") -> MOBILECARE - DAVAO | D54: =IFERROR(__xludf.DUMMYFUNCTION("""COMPUTED_VALUE"""),"PP661-23454") -> PP661-23454 | E54: =IFERROR(__xludf.DUMMYFUNCTION("""COMPUTED_VALUE"""),"iPhone 13, Midnight, 128GB, Logic Board Assy Rear System, ROW") -> iPhone 13, Midnight, 128GB, Logic Board Assy Rear System, ROW
A55: =TEXT(B55:B6408,"MMMM") -> January | B55: =IFERROR(__xludf.DUMMYFUNCTION("""COMPUTED_VALUE"""),46045.0) -> 46045 | C55: =IFERROR(__xludf.DUMMYFUNCTION("""COMPUTED_VALUE"""),"MOBILECARE - DAVAO") -> MOBILECARE - DAVAO | D55: =IFERROR(__xludf.DUMMYFUNCTION("""COMPUTED_VALUE"""),"PP661-23455") -> PP661-23455 | E55: =IFERROR(__xludf.DUMMYFUNCTION("""COMPUTED_VALUE"""),"iPhone 13, Starlight, 128GB, Logic Board Assy Rear System, ROW") -> iPhone 13, Starlight, 128GB, Logic Board Assy Rear System, ROW
A56: =TEXT(B56:B6409,"MMMM") -> January | B56: =IFERROR(__xludf.DUMMYFUNCTION("""COMPUTED_VALUE"""),46044.0) -> 46044 | C56: =IFERROR(__xludf.DUMMYFUNCTION("""COMPUTED_VALUE"""),"MOBILECARE - DAVAO") -> MOBILECARE - DAVAO | D56: =IFERROR(__xludf.DUMMYFUNCTION("""COMPUTED_VALUE"""),"PP661-23455") -> PP661-23455 | E56: =IFERROR(__xludf.DUMMYFUNCTION("""COMPUTED_VALUE"""),"iPhone 13, Starlight, 128GB, Logic Board Assy Rear System, ROW") -> iPhone 13, Starlight, 128GB, Logic Board Assy Rear System, ROW
A57: =TEXT(B57:B6410,"MMMM") -> January | B57: =IFERROR(__xludf.DUMMYFUNCTION("""COMPUTED_VALUE"""),46034.0) -> 46034 | C57: =IFERROR(__xludf.DUMMYFUNCTION("""COMPUTED_VALUE"""),"MOBILECARE - DAVAO") -> MOBILECARE - DAVAO | D57: =IFERROR(__xludf.DUMMYFUNCTION("""COMPUTED_VALUE"""),"661-44955") -> 661-44955 | E57: =IFERROR(__xludf.DUMMYFUNCTION("""COMPUTED_VALUE"""),"Display, iPhone 16 Pro Max") -> Display, iPhone 16 Pro Max
A58: =TEXT(B58:B6411,"MMMM") -> January | B58: =IFERROR(__xludf.DUMMYFUNCTION("""COMPUTED_VALUE"""),46046.0) -> 46046 | C58: =IFERROR(__xludf.DUMMYFUNCTION("""COMPUTED_VALUE"""),"MOBILECARE - DAVAO") -> MOBILECARE - DAVAO | D58: =IFERROR(__xludf.DUMMYFUNCTION("""COMPUTED_VALUE"""),"661-30397") -> 661-30397 | E58: =IFERROR(__xludf.DUMMYFUNCTION("""COMPUTED_VALUE"""),"Battery, iPhone 14 Pro Max") -> Battery, iPhone 14 Pro Max
A59: =TEXT(B59:B6412,"MMMM") -> January | B59: =IFERROR(__xludf.DUMMYFUNCTION("""COMPUTED_VALUE"""),46047.0) -> 46047 | C59: =IFERROR(__xludf.DUMMYFUNCTION("""COMPUTED_VALUE"""),"MOBILECARE - DAVAO") -> MOBILECARE - DAVAO | D59: =IFERROR(__xludf.DUMMYFUNCTION("""COMPUTED_VALUE"""),"661-30397") -> 661-30397 | E59: =IFERROR(__xludf.DUMMYFUNCTION("""COMPUTED_VALUE"""),"Battery, iPhone 14 Pro Max") -> Battery, iPhone 14 Pro Max
A60: =TEXT(B60:B6413,"MMMM") -> January | B60: =IFERROR(__xludf.DUMMYFUNCTION("""COMPUTED_VALUE"""),46045.0) -> 46045 | C60: =IFERROR(__xludf.DUMMYFUNCTION("""COMPUTED_VALUE"""),"MOBILECARE - DAVAO") -> MOBILECARE - DAVAO | D60: =IFERROR(__xludf.DUMMYFUNCTION("""COMPUTED_VALUE"""),"TA661-55208") -> TA661-55208 | E60: =IFERROR(__xludf.DUMMYFUNCTION("""COMPUTED_VALUE"""),"Deep Blue, 256GB, iPhone 17 Pro Max, ROW, CI/AR, Taiwan") -> Deep Blue, 256GB, iPhone 17 Pro Max, ROW, CI/AR, Taiwan
A61: =TEXT(B61:B6414,"MMMM") -> February | B61: =IFERROR(__xludf.DUMMYFUNCTION("""COMPUTED_VALUE"""),46054.0) -> 46054 | C61: =IFERROR(__xludf.DUMMYFUNCTION("""COMPUTED_VALUE"""),"MOBILECARE - DAVAO") -> MOBILECARE - DAVAO | D61: =IFERROR(__xludf.DUMMYFUNCTION("""COMPUTED_VALUE"""),"PP661-23455") -> PP661-23455 | E61: =IFERROR(__xludf.DUMMYFUNCTION("""COMPUTED_VALUE"""),"iPhone 13, Starlight, 128GB, Logic Board Assy Rear System, ROW") -> iPhone 13, Starlight, 128GB, Logic Board Assy Rear System, ROW
A62: =TEXT(B62:B6415,"MMMM") -> January | B62: =IFERROR(__xludf.DUMMYFUNCTION("""COMPUTED_VALUE"""),46050.0) -> 46050 | C62: =IFERROR(__xludf.DUMMYFUNCTION("""COMPUTED_VALUE"""),"MOBILECARE - DAVAO") -> MOBILECARE - DAVAO | D62: =IFERROR(__xludf.DUMMYFUNCTION("""COMPUTED_VALUE"""),"PP661-23455") -> PP661-23455 | E62: =IFERROR(__xludf.DUMMYFUNCTION("""COMPUTED_VALUE"""),"iPhone 13, Starlight, 128GB, Logic Board Assy Rear System, ROW") -> iPhone 13, Starlight, 128GB, Logic Board Assy Rear System, ROW
A63: =TEXT(B63:B6416,"MMMM") -> January | B63: =IFERROR(__xludf.DUMMYFUNCTION("""COMPUTED_VALUE"""),46029.0) -> 46029 | C63: =IFERROR(__xludf.DUMMYFUNCTION("""COMPUTED_VALUE"""),"MOBILECARE - DAVAO") -> MOBILECARE - DAVAO | D63: =IFERROR(__xludf.DUMMYFUNCTION("""COMPUTED_VALUE"""),"661-21991") -> 661-21991 | E63: =IFERROR(__xludf.DUMMYFUNCTION("""COMPUTED_VALUE"""),"Battery, iPhone 13") -> Battery, iPhone 13
A64: =TEXT(B64:B6417,"MMMM") -> January | B64: =IFERROR(__xludf.DUMMYFUNCTION("""COMPUTED_VALUE"""),46052.0) -> 46052 | C64: =IFERROR(__xludf.DUMMYFUNCTION("""COMPUTED_VALUE"""),"MOBILECARE - DAVAO") -> MOBILECARE - DAVAO | D64: =IFERROR(__xludf.DUMMYFUNCTION("""COMPUTED_VALUE"""),"PP661-28868") -> PP661-28868 | E64: =IFERROR(__xludf.DUMMYFUNCTION("""COMPUTED_VALUE"""),"iPhone 14, Midnight, 128GB, Logic Board Assy Mid System, ROW") -> iPhone 14, Midnight, 128GB, Logic Board Assy Mid System, ROW
A65: =TEXT(B65:B6418,"MMMM") -> January | B65: =IFERROR(__xludf.DUMMYFUNCTION("""COMPUTED_VALUE"""),46049.0) -> 46049 | C65: =IFERROR(__xludf.DUMMYFUNCTION("""COMPUTED_VALUE"""),"MOBILECARE - DAVAO") -> MOBILECARE - DAVAO | D65: =IFERROR(__xludf.DUMMYFUNCTION("""COMPUTED_VALUE"""),"PP661-23454") -> PP661-23454 | E65: =IFERROR(__xludf.DUMMYFUNCTION("""COMPUTED_VALUE"""),"iPhone 13, Midnight, 128GB, Logic Board Assy Rear System, ROW") -> iPhone 13, Midnight, 128GB, Logic Board Assy Rear System, ROW
A66: =TEXT(B66:B6419,"MMMM") -> January | B66: =IFERROR(__xludf.DUMMYFUNCTION("""COMPUTED_VALUE"""),46046.0) -> 46046 | C66: =IFERROR(__xludf.DUMMYFUNCTION("""COMPUTED_VALUE"""),"MOBILECARE - DAVAO") -> MOBILECARE - DAVAO | D66: =IFERROR(__xludf.DUMMYFUNCTION("""COMPUTED_VALUE"""),"TA661-55149") -> TA661-55149 | E66: =IFERROR(__xludf.DUMMYFUNCTION("""COMPUTED_VALUE"""),"Silver, 256GB, iPhone 17 Pro, ROW, CI/AR, Taiwan") -> Silver, 256GB, iPhone 17 Pro, ROW, CI/AR, Taiwan
A67: =TEXT(B67:B6420,"MMMM") -> January | B67: =IFERROR(__xludf.DUMMYFUNCTION("""COMPUTED_VALUE"""),46044.0) -> 46044 | C67: =IFERROR(__xludf.DUMMYFUNCTION("""COMPUTED_VALUE"""),"MOBILECARE - DAVAO") -> MOBILECARE - DAVAO | D67: =IFERROR(__xludf.DUMMYFUNCTION("""COMPUTED_VALUE"""),"PP661-23454") -> PP661-23454 | E67: =IFERROR(__xludf.DUMMYFUNCTION("""COMPUTED_VALUE"""),"iPhone 13, Midnight, 128GB, Logic Board Assy Rear System, ROW") -> iPhone 13, Midnight, 128GB, Logic Board Assy Rear System, ROW
A68: =TEXT(B68:B6421,"MMMM") -> January | B68: =IFERROR(__xludf.DUMMYFUNCTION("""COMPUTED_VALUE"""),46049.0) -> 46049 | C68: =IFERROR(__xludf.DUMMYFUNCTION("""COMPUTED_VALUE"""),"MOBILECARE - DAVAO") -> MOBILECARE - DAVAO | D68: =IFERROR(__xludf.DUMMYFUNCTION("""COMPUTED_VALUE"""),"TA661-55209") -> TA661-55209 | E68: =IFERROR(__xludf.DUMMYFUNCTION("""COMPUTED_VALUE"""),"Silver, 512GB, iPhone 17 Pro Max, ROW, CI/AR, Taiwan") -> Silver, 512GB, iPhone 17 Pro Max, ROW, CI/AR, Taiwan
A69: =TEXT(B69:B6422,"MMMM") -> January | B69: =IFERROR(__xludf.DUMMYFUNCTION("""COMPUTED_VALUE"""),46047.0) -> 46047 | C69: =IFERROR(__xludf.DUMMYFUNCTION("""COMPUTED_VALUE"""),"MOBILECARE - DAVAO") -> MOBILECARE - DAVAO | D69: =IFERROR(__xludf.DUMMYFUNCTION("""COMPUTED_VALUE"""),"PP661-23454") -> PP661-23454 | E69: =IFERROR(__xludf.DUMMYFUNCTION("""COMPUTED_VALUE"""),"iPhone 13, Midnight, 128GB, Logic Board Assy Rear System, ROW") -> iPhone 13, Midnight, 128GB, Logic Board Assy Rear System, ROW
A70: =TEXT(B70:B6423,"MMMM") -> January | B70: =IFERROR(__xludf.DUMMYFUNCTION("""COMPUTED_VALUE"""),46039.0) -> 46039 | C70: =IFERROR(__xludf.DUMMYFUNCTION("""COMPUTED_VALUE"""),"MOBILECARE - DAVAO") -> MOBILECARE - DAVAO | D70: =IFERROR(__xludf.DUMMYFUNCTION("""COMPUTED_VALUE"""),"661-44956") -> 661-44956 | E70: =IFERROR(__xludf.DUMMYFUNCTION("""COMPUTED_VALUE"""),"TrueDepth Camera, iPhone 16 Pro Max") -> TrueDepth Camera, iPhone 16 Pro Max
A71: =TEXT(B71:B6424,"MMMM") -> February | B71: =IFERROR(__xludf.DUMMYFUNCTION("""COMPUTED_VALUE"""),46054.0) -> 46054 | C71: =IFERROR(__xludf.DUMMYFUNCTION("""COMPUTED_VALUE"""),"MOBILECARE - DAVAO") -> MOBILECARE - DAVAO | D71: =IFERROR(__xludf.DUMMYFUNCTION("""COMPUTED_VALUE"""),"TA661-45321") -> TA661-45321 | E71: =IFERROR(__xludf.DUMMYFUNCTION("""COMPUTED_VALUE"""),"256GB, Black Titanium, ROW, iPhone 16 Pro Max, Logic Board Assy Mid Syst") -> 256GB, Black Titanium, ROW, iPhone 16 Pro Max, Logic Board Assy Mid Syst
A72: =TEXT(B72:B6425,"MMMM") -> January | B72: =IFERROR(__xludf.DUMMYFUNCTION("""COMPUTED_VALUE"""),46038.0) -> 46038 | C72: =IFERROR(__xludf.DUMMYFUNCTION("""COMPUTED_VALUE"""),"MOBILECARE - DAVAO") -> MOBILECARE - DAVAO | D72: =IFERROR(__xludf.DUMMYFUNCTION("""COMPUTED_VALUE"""),"661-44956") -> 661-44956 | E72: =IFERROR(__xludf.DUMMYFUNCTION("""COMPUTED_VALUE"""),"TrueDepth Camera, iPhone 16 Pro Max") -> TrueDepth Camera, iPhone 16 Pro Max
A73: =TEXT(B73:B6426,"MMMM") -> January | B73: =IFERROR(__xludf.DUMMYFUNCTION("""COMPUTED_VALUE"""),46038.0) -> 46038 | C73: =IFERROR(__xludf.DUMMYFUNCTION("""COMPUTED_VALUE"""),"MOBILECARE - DAVAO") -> MOBILECARE - DAVAO | D73: =IFERROR(__xludf.DUMMYFUNCTION("""COMPUTED_VALUE"""),"661-44957") -> 661-44957 | E73: =IFERROR(__xludf.DUMMYFUNCTION("""COMPUTED_VALUE"""),"Camera, iPhone 16 Pro Max") -> Camera, iPhone 16 Pro Max
A74: =TEXT(B74:B6427,"MMMM") -> January | B74: =IFERROR(__xludf.DUMMYFUNCTION("""COMPUTED_VALUE"""),46046.0) -> 46046 | C74: =IFERROR(__xludf.DUMMYFUNCTION("""COMPUTED_VALUE"""),"MOBILECARE - DAVAO") -> MOBILECARE - DAVAO | D74: =IFERROR(__xludf.DUMMYFUNCTION("""COMPUTED_VALUE"""),"TA661-43609") -> TA661-43609 | E74: =IFERROR(__xludf.DUMMYFUNCTION("""COMPUTED_VALUE"""),"128GB, Teal, ROW, iPhone 16, Logic Board Assy Mid System") -> 128GB, Teal, ROW, iPhone 16, Logic Board Assy Mid System
A75: =TEXT(B75:B6428,"MMMM") -> January | B75: =IFERROR(__xludf.DUMMYFUNCTION("""COMPUTED_VALUE"""),46045.0) -> 46045 | C75: =IFERROR(__xludf.DUMMYFUNCTION("""COMPUTED_VALUE"""),"MOBILECARE - DAVAO") -> MOBILECARE - DAVAO | D75: =IFERROR(__xludf.DUMMYFUNCTION("""COMPUTED_VALUE"""),"TA661-55153") -> TA661-55153 | E75: =IFERROR(__xludf.DUMMYFUNCTION("""COMPUTED_VALUE"""),"Cosmic Orange, 512GB, iPhone 17 Pro, ROW, CI/AR, Taiwan") -> Cosmic Orange, 512GB, iPhone 17 Pro, ROW, CI/AR, Taiwan
A76: =TEXT(B76:B6429,"MMMM") -> January | B76: =IFERROR(__xludf.DUMMYFUNCTION("""COMPUTED_VALUE"""),46032.0) -> 46032 | C76: =IFERROR(__xludf.DUMMYFUNCTION("""COMPUTED_VALUE"""),"MOBILECARE - DAVAO") -> MOBILECARE - DAVAO | D76: =IFERROR(__xludf.DUMMYFUNCTION("""COMPUTED_VALUE"""),"661-44955") -> 661-44955 | E76: =IFERROR(__xludf.DUMMYFUNCTION("""COMPUTED_VALUE"""),"Display, iPhone 16 Pro Max") -> Display, iPhone 16 Pro Max
A77: =TEXT(B77:B6430,"MMMM") -> January | B77: =IFERROR(__xludf.DUMMYFUNCTION("""COMPUTED_VALUE"""),46044.0) -> 46044 | C77: =IFERROR(__xludf.DUMMYFUNCTION("""COMPUTED_VALUE"""),"MOBILECARE - DAVAO") -> MOBILECARE - DAVAO | D77: =IFERROR(__xludf.DUMMYFUNCTION("""COMPUTED_VALUE"""),"TA661-55208") -> TA661-55208 | E77: =IFERROR(__xludf.DUMMYFUNCTION("""COMPUTED_VALUE"""),"Deep Blue, 256GB, iPhone 17 Pro Max, ROW, CI/AR, Taiwan") -> Deep Blue, 256GB, iPhone 17 Pro Max, ROW, CI/AR, Taiwan
A78: =TEXT(B78:B6431,"MMMM") -> January | B78: =IFERROR(__xludf.DUMMYFUNCTION("""COMPUTED_VALUE"""),46040.0) -> 46040 | C78: =IFERROR(__xludf.DUMMYFUNCTION("""COMPUTED_VALUE"""),"MOBILECARE - DAVAO") -> MOBILECARE - DAVAO | D78: =IFERROR(__xludf.DUMMYFUNCTION("""COMPUTED_VALUE"""),"TA661-36694") -> TA661-36694 | E78: =IFERROR(__xludf.DUMMYFUNCTION("""COMPUTED_VALUE"""),"iPhone 15, Blue, 128GB, Logic Board Assy Mid System, ROW") -> iPhone 15, Blue, 128GB, Logic Board Assy Mid System, ROW
A79: =TEXT(B79:B6432,"MMMM") -> January | B79: =IFERROR(__xludf.DUMMYFUNCTION("""COMPUTED_VALUE"""),46040.0) -> 46040 | C79: =IFERROR(__xludf.DUMMYFUNCTION("""COMPUTED_VALUE"""),"MOBILECARE - DAVAO") -> MOBILECARE - DAVAO | D79: =IFERROR(__xludf.DUMMYFUNCTION("""COMPUTED_VALUE"""),"661-36841") -> 661-36841 | E79: =IFERROR(__xludf.DUMMYFUNCTION("""COMPUTED_VALUE"""),"Blue, Back Glass, iPhone 15") -> Blue, Back Glass, iPhone 15
A80: =TEXT(B80:B6433,"MMMM") -> January | B80: =IFERROR(__xludf.DUMMYFUNCTION("""COMPUTED_VALUE"""),46029.0) -> 46029 | C80: =IFERROR(__xludf.DUMMYFUNCTION("""COMPUTED_VALUE"""),"MOBILECARE - DAVAO") -> MOBILECARE - DAVAO | D80: =IFERROR(__xludf.DUMMYFUNCTION("""COMPUTED_VALUE"""),"661-21988") -> 661-21988 | E80: =IFERROR(__xludf.DUMMYFUNCTION("""COMPUTED_VALUE"""),"Display, iPhone 13") -> Display, iPhone 13
A81: =TEXT(B81:B6434,"MMMM") -> January | B81: =IFERROR(__xludf.DUMMYFUNCTION("""COMPUTED_VALUE"""),46045.0) -> 46045 | C81: =IFERROR(__xludf.DUMMYFUNCTION("""COMPUTED_VALUE"""),"MOBILECARE - DAVAO") -> MOBILECARE - DAVAO | D81: =IFERROR(__xludf.DUMMYFUNCTION("""COMPUTED_VALUE"""),"PP661-23454") -> PP661-23454 | E81: =IFERROR(__xludf.DUMMYFUNCTION("""COMPUTED_VALUE"""),"iPhone 13, Midnight, 128GB, Logic Board Assy Rear System, ROW") -> iPhone 13, Midnight, 128GB, Logic Board Assy Rear System, ROW
A82: =TEXT(B82:B6435,"MMMM") -> January | B82: =IFERROR(__xludf.DUMMYFUNCTION("""COMPUTED_VALUE"""),46044.0) -> 46044 | C82: =IFERROR(__xludf.DUMMYFUNCTION("""COMPUTED_VALUE"""),"MOBILECARE - DAVAO") -> MOBILECARE - DAVAO | D82: =IFERROR(__xludf.DUMMYFUNCTION("""COMPUTED_VALUE"""),"PP661-23455") -> PP661-23455 | E82: =IFERROR(__xludf.DUMMYFUNCTION("""COMPUTED_VALUE"""),"iPhone 13, Starlight, 128GB, Logic Board Assy Rear System, ROW") -> iPhone 13, Starlight, 128GB, Logic Board Assy Rear System, ROW
A83: =TEXT(B83:B6436,"MMMM") -> January | B83: =IFERROR(__xludf.DUMMYFUNCTION("""COMPUTED_VALUE"""),46030.0) -> 46030 | C83: =IFERROR(__xludf.DUMMYFUNCTION("""COMPUTED_VALUE"""),"MOBILECARE - DAVAO") -> MOBILECARE - DAVAO | D83: =IFERROR(__xludf.DUMMYFUNCTION("""COMPUTED_VALUE"""),"661-44956") -> 661-44956 | E83: =IFERROR(__xludf.DUMMYFUNCTION("""COMPUTED_VALUE"""),"TrueDepth Camera, iPhone 16 Pro Max") -> TrueDepth Camera, iPhone 16 Pro Max
A84: =TEXT(B84:B6437,"MMMM") -> January | B84: =IFERROR(__xludf.DUMMYFUNCTION("""COMPUTED_VALUE"""),46027.0) -> 46027 | C84: =IFERROR(__xludf.DUMMYFUNCTION("""COMPUTED_VALUE"""),"MOBILECARE - DAVAO") -> MOBILECARE - DAVAO | D84: =IFERROR(__xludf.DUMMYFUNCTION("""COMPUTED_VALUE"""),"661-42726") -> 661-42726 | E84: =IFERROR(__xludf.DUMMYFUNCTION("""COMPUTED_VALUE"""),"Display, iPhone 16 Pro") -> Display, iPhone 16 Pro
A85: =TEXT(B85:B6438,"MMMM") -> January | B85: =IFERROR(__xludf.DUMMYFUNCTION("""COMPUTED_VALUE"""),46040.0) -> 46040 | C85: =IFERROR(__xludf.DUMMYFUNCTION("""COMPUTED_VALUE"""),"MOBILECARE - DAVAO") -> MOBILECARE - DAVAO | D85: =IFERROR(__xludf.DUMMYFUNCTION("""COMPUTED_VALUE"""),"TA661-55099") -> TA661-55099 | E85: =IFERROR(__xludf.DUMMYFUNCTION("""COMPUTED_VALUE"""),"Cloud White, 256GB, iPhone Air, ROW, Taiwan, CI/AR") -> Cloud White, 256GB, iPhone Air, ROW, Taiwan, CI/AR
A86: =TEXT(B86:B6439,"MMMM") -> January | B86: =IFERROR(__xludf.DUMMYFUNCTION("""COMPUTED_VALUE"""),46026.0) -> 46026 | C86: =IFERROR(__xludf.DUMMYFUNCTION("""COMPUTED_VALUE"""),"MOBILECARE - DAVAO") -> MOBILECARE - DAVAO | D86: =IFERROR(__xludf.DUMMYFUNCTION("""COMPUTED_VALUE"""),"661-44955") -> 661-44955 | E86: =IFERROR(__xludf.DUMMYFUNCTION("""COMPUTED_VALUE"""),"Display, iPhone 16 Pro Max") -> Display, iPhone 16 Pro Max
A87: =TEXT(B87:B6440,"MMMM") -> January | B87: =IFERROR(__xludf.DUMMYFUNCTION("""COMPUTED_VALUE"""),46027.0) -> 46027 | C87: =IFERROR(__xludf.DUMMYFUNCTION("""COMPUTED_VALUE"""),"MOBILECARE - DAVAO") -> MOBILECARE - DAVAO | D87: =IFERROR(__xludf.DUMMYFUNCTION("""COMPUTED_VALUE"""),"661-21988") -> 661-21988 | E87: =IFERROR(__xludf.DUMMYFUNCTION("""COMPUTED_VALUE"""),"Display, iPhone 13") -> Display, iPhone 13
A88: =TEXT(B88:B6441,"MMMM") -> January | B88: =IFERROR(__xludf.DUMMYFUNCTION("""COMPUTED_VALUE"""),46039.0) -> 46039 | C88: =IFERROR(__xludf.DUMMYFUNCTION("""COMPUTED_VALUE"""),"MOBILECARE - DAVAO") -> MOBILECARE - DAVAO | D88: =IFERROR(__xludf.DUMMYFUNCTION("""COMPUTED_VALUE"""),"PP661-23454") -> PP661-23454 | E88: =IFERROR(__xludf.DUMMYFUNCTION("""COMPUTED_VALUE"""),"iPhone 13, Midnight, 128GB, Logic Board Assy Rear System, ROW") -> iPhone 13, Midnight, 128GB, Logic Board Assy Rear System, ROW
A89: =TEXT(B89:B6442,"MMMM") -> January | B89: =IFERROR(__xludf.DUMMYFUNCTION("""COMPUTED_VALUE"""),46040.0) -> 46040 | C89: =IFERROR(__xludf.DUMMYFUNCTION("""COMPUTED_VALUE"""),"MOBILECARE - DAVAO") -> MOBILECARE - DAVAO | D89: =IFERROR(__xludf.DUMMYFUNCTION("""COMPUTED_VALUE"""),"TA661-55210") -> TA661-55210 | E89: =IFERROR(__xludf.DUMMYFUNCTION("""COMPUTED_VALUE"""),"Cosmic Orange, 512GB, iPhone 17 Pro Max, ROW, CI/AR, Taiwan") -> Cosmic Orange, 512GB, iPhone 17 Pro Max, ROW, CI/AR, Taiwan
A90: =TEXT(B90:B6443,"MMMM") -> January | B90: =IFERROR(__xludf.DUMMYFUNCTION("""COMPUTED_VALUE"""),46037.0) -> 46037 | C90: =IFERROR(__xludf.DUMMYFUNCTION("""COMPUTED_VALUE"""),"MOBILECARE - DAVAO") -> MOBILECARE - DAVAO | D90: =IFERROR(__xludf.DUMMYFUNCTION("""COMPUTED_VALUE"""),"PP661-23455") -> PP661-23455 | E90: =IFERROR(__xludf.DUMMYFUNCTION("""COMPUTED_VALUE"""),"iPhone 13, Starlight, 128GB, Logic Board Assy Rear System, ROW") -> iPhone 13, Starlight, 128GB, Logic Board Assy Rear System, ROW
A91: =TEXT(B91:B6444,"MMMM") -> January | B91: =IFERROR(__xludf.DUMMYFUNCTION("""COMPUTED_VALUE"""),46039.0) -> 46039 | C91: =IFERROR(__xludf.DUMMYFUNCTION("""COMPUTED_VALUE"""),"MOBILECARE - DAVAO") -> MOBILECARE - DAVAO | D91: =IFERROR(__xludf.DUMMYFUNCTION("""COMPUTED_VALUE"""),"TA661-36694") -> TA661-36694 | E91: =IFERROR(__xludf.DUMMYFUNCTION("""COMPUTED_VALUE"""),"iPhone 15, Blue, 128GB, Logic Board Assy Mid System, ROW") -> iPhone 15, Blue, 128GB, Logic Board Assy Mid System, ROW
A92: =TEXT(B92:B6445,"MMMM") -> January | B92: =IFERROR(__xludf.DUMMYFUNCTION("""COMPUTED_VALUE"""),46028.0) -> 46028 | C92: =IFERROR(__xludf.DUMMYFUNCTION("""COMPUTED_VALUE"""),"MOBILECARE - DAVAO") -> MOBILECARE - DAVAO | D92: =IFERROR(__xludf.DUMMYFUNCTION("""COMPUTED_VALUE"""),"PP661-23454") -> PP661-23454 | E92: =IFERROR(__xludf.DUMMYFUNCTION("""COMPUTED_VALUE"""),"iPhone 13, Midnight, 128GB, Logic Board Assy Rear System, ROW") -> iPhone 13, Midnight, 128GB, Logic Board Assy Rear System, ROW
A93: =TEXT(B93:B6446,"MMMM") -> January | B93: =IFERROR(__xludf.DUMMYFUNCTION("""COMPUTED_VALUE"""),46026.0) -> 46026 | C93: =IFERROR(__xludf.DUMMYFUNCTION("""COMPUTED_VALUE"""),"MOBILECARE - DAVAO") -> MOBILECARE - DAVAO | D93: =IFERROR(__xludf.DUMMYFUNCTION("""COMPUTED_VALUE"""),"PP661-23454") -> PP661-23454 | E93: =IFERROR(__xludf.DUMMYFUNCTION("""COMPUTED_VALUE"""),"iPhone 13, Midnight, 128GB, Logic Board Assy Rear System, ROW") -> iPhone 13, Midnight, 128GB, Logic Board Assy Rear System, ROW
A94: =TEXT(B94:B6447,"MMMM") -> January | B94: =IFERROR(__xludf.DUMMYFUNCTION("""COMPUTED_VALUE"""),46033.0) -> 46033 | C94: =IFERROR(__xludf.DUMMYFUNCTION("""COMPUTED_VALUE"""),"MOBILECARE - DAVAO") -> MOBILECARE - DAVAO | D94: =IFERROR(__xludf.DUMMYFUNCTION("""COMPUTED_VALUE"""),"TA661-45323") -> TA661-45323 | E94: =IFERROR(__xludf.DUMMYFUNCTION("""COMPUTED_VALUE"""),"256GB, Desert Titanium, ROW, iPhone 16 Pro Max, Logic Board Assy Mid Sys") -> 256GB, Desert Titanium, ROW, iPhone 16 Pro Max, Logic Board Assy Mid Sys
A95: =TEXT(B95:B6448,"MMMM") -> January | B95: =IFERROR(__xludf.DUMMYFUNCTION("""COMPUTED_VALUE"""),46040.0) -> 46040 | C95: =IFERROR(__xludf.DUMMYFUNCTION("""COMPUTED_VALUE"""),"MOBILECARE - DAVAO") -> MOBILECARE - DAVAO | D95: =IFERROR(__xludf.DUMMYFUNCTION("""COMPUTED_VALUE"""),"PP661-28879") -> PP661-28879 | E95: =IFERROR(__xludf.DUMMYFUNCTION("""COMPUTED_VALUE"""),"iPhone 14, Starlight, 512GB, Logic Board Assy Mid System, ROW") -> iPhone 14, Starlight, 512GB, Logic Board Assy Mid System, ROW
A96: =TEXT(B96:B6449,"MMMM") -> January | B96: =IFERROR(__xludf.DUMMYFUNCTION("""COMPUTED_VALUE"""),46033.0) -> 46033 | C96: =IFERROR(__xludf.DUMMYFUNCTION("""COMPUTED_VALUE"""),"MOBILECARE - DAVAO") -> MOBILECARE - DAVAO | D96: =IFERROR(__xludf.DUMMYFUNCTION("""COMPUTED_VALUE"""),"TA661-45001") -> TA661-45001 | E96: =IFERROR(__xludf.DUMMYFUNCTION("""COMPUTED_VALUE"""),"256GB, Desert Titanium, ROW, iPhone 16 Pro, Logic Board Assy Mid System") -> 256GB, Desert Titanium, ROW, iPhone 16 Pro, Logic Board Assy Mid System
A97: =TEXT(B97:B6450,"MMMM") -> January | B97: =IFERROR(__xludf.DUMMYFUNCTION("""COMPUTED_VALUE"""),46033.0) -> 46033 | C97: =IFERROR(__xludf.DUMMYFUNCTION("""COMPUTED_VALUE"""),"MOBILECARE - DAVAO") -> MOBILECARE - DAVAO | D97: =IFERROR(__xludf.DUMMYFUNCTION("""COMPUTED_VALUE"""),"PP661-28868") -> PP661-28868 | E97: =IFERROR(__xludf.DUMMYFUNCTION("""COMPUTED_VALUE"""),"iPhone 14, Midnight, 128GB, Logic Board Assy Mid System, ROW") -> iPhone 14, Midnight, 128GB, Logic Board Assy Mid System, ROW
A98: =TEXT(B98:B6451,"MMMM") -> January | B98: =IFERROR(__xludf.DUMMYFUNCTION("""COMPUTED_VALUE"""),46034.0) -> 46034 | C98: =IFERROR(__xludf.DUMMYFUNCTION("""COMPUTED_VALUE"""),"MOBILECARE - DAVAO") -> MOBILECARE - DAVAO | D98: =IFERROR(__xludf.DUMMYFUNCTION("""COMPUTED_VALUE"""),"PP661-23455") -> PP661-23455 | E98: =IFERROR(__xludf.DUMMYFUNCTION("""COMPUTED_VALUE"""),"iPhone 13, Starlight, 128GB, Logic Board Assy Rear System, ROW") -> iPhone 13, Starlight, 128GB, Logic Board Assy Rear System, ROW
A99: =TEXT(B99:B6452,"MMMM") -> January | B99: =IFERROR(__xludf.DUMMYFUNCTION("""COMPUTED_VALUE"""),46032.0) -> 46032 | C99: =IFERROR(__xludf.DUMMYFUNCTION("""COMPUTED_VALUE"""),"MOBILECARE - DAVAO") -> MOBILECARE - DAVAO | D99: =IFERROR(__xludf.DUMMYFUNCTION("""COMPUTED_VALUE"""),"PP661-22980") -> PP661-22980 | E99: =IFERROR(__xludf.DUMMYFUNCTION("""COMPUTED_VALUE"""),"Midnight, 128 GB, iPhone 13, ROW, CI/AR, Philippines") -> Midnight, 128 GB, iPhone 13, ROW, CI/AR, Philippines
A100: =TEXT(B100:B6453,"MMMM") -> January | B100: =IFERROR(__xludf.DUMMYFUNCTION("""COMPUTED_VALUE"""),46033.0) -> 46033 | C100: =IFERROR(__xludf.DUMMYFUNCTION("""COMPUTED_VALUE"""),"MOBILECARE - DAVAO") -> MOBILECARE - DAVAO | D100: =IFERROR(__xludf.DUMMYFUNCTION("""COMPUTED_VALUE"""),"PP661-22981") -> PP661-22981 | E100: =IFERROR(__xludf.DUMMYFUNCTION("""COMPUTED_VALUE"""),"Starlight, 128 GB, iPhone 13, ROW, CI/AR, Philippines") -> Starlight, 128 GB, iPhone 13, ROW, CI/AR, Philippines
...

Sheet Systems&BackGlass
A1: iPhones Parts Usage Report | G1: Most Used Parts in All Sites | K1: Top Sites with Most Used Parts | P1: Sites with Most Used MID SYSTEM | U1: Sites with Most Used REAR SYSTEM | Z1: Sites with Most Used BACK GLASS
A2: Month | B2: Repair Closed Date | C2: Site Name | D2: Part Number | E2: Part Description | G2: Part Number | H2: Site Description | I2: Total Quantity | K2: Site Name | L2: Total Quantity | O2: All | P2: Site | Q2: Quantity | T2: All | U2: Site | V2: Quantity | Y2: All | Z2: Site | AA2: Quantity
A3: =TEXT(B3:B1000,"MMMM") -> January | B3: =IFERROR(__xludf.DUMMYFUNCTION("IFERROR(CHOOSECOLS(FILTER(Masterlist!A3:J1000, ISNUMBER(SEARCH(""IPHONE"", Masterlist!H3:H1000)), (ISNUMBER(SEARCH(""Rear System"", Masterlist!H3:H1000)) + ISNUMBER(SEARCH(""Mid System"", Masterlist!H3:H1000)) + ISNUMBER(SEARCH(""Back Glass"", Masterlist!"&"H3:H1000))) > 0), 6, 2, 7, 8), ""No iPhones Found"")"),46041.0) -> 46041 | C3: =IFERROR(__xludf.DUMMYFUNCTION("""COMPUTED_VALUE"""),"MOBILECARE - GLORIETTA 5") -> MOBILECARE - GLORIETTA 5 | D3: =IFERROR(__xludf.DUMMYFUNCTION("""COMPUTED_VALUE"""),"661-36913") -> 661-36913 | E3: =IFERROR(__xludf.DUMMYFUNCTION("""COMPUTED_VALUE"""),"Natural Titanium, Millimeter Wave, Back Glass, iPhone 15 Pro Max") -> Natural Titanium, Millimeter Wave, Back Glass, iPhone 15 Pro Max | G3: =IFERROR(__xludf.DUMMYFUNCTION("LET( pairs, FILTER(HSTACK(D3:D1000, E3:E1000), E3:E1000<>""""), unique_pairs, UNIQUE(pairs), counts, BYROW(unique_pairs, LAMBDA(r, COUNTIFS(D3:D1000, INDEX(r,1,1), E3:E1000, INDEX(r,1,2)))), SORT(HSTACK(unique_pairs, counts), 3, FALSE) )"),"PP661-23455") -> PP661-23455 | H3: =IFERROR(__xludf.DUMMYFUNCTION("""COMPUTED_VALUE"""),"iPhone 13, Starlight, 128GB, Logic Board Assy Rear System, ROW") -> iPhone 13, Starlight, 128GB, Logic Board Assy Rear System, ROW | I3: =IFERROR(__xludf.DUMMYFUNCTION("""COMPUTED_VALUE"""),212.0) -> 212 | K3: =IFERROR(__xludf.DUMMYFUNCTION("LET( sites, UNIQUE(FILTER(C3:C1000, C3:C1000<>"""")), counts, MAP(sites, LAMBDA(s, COUNTIF(C3:C1000, s))), SORT(HSTACK(sites, counts), 2, FALSE) )"),"MOBILECARE - NEWPOINT MALL") -> MOBILECARE - NEWPOINT MALL | L3: =IFERROR(__xludf.DUMMYFUNCTION("""COMPUTED_VALUE"""),130.0) -> 130 | P3: =IFERROR(__xludf.DUMMYFUNCTION("QUERY('Systems&BackGlass'!A3:E1000, ""SELECT C, COUNT(C) WHERE lower(E) CONTAINS 'mid system' "" & IF(O2=""All"", """", ""AND lower(A) = '"" & LOWER(TRIM(O2)) & ""' "") & ""GROUP BY C ORDER BY COUNT(C) DESC LABEL COUNT(C) ''"", 0)"),"MOBILECARE - NEWPOINT MALL") -> MOBILECARE - NEWPOINT MALL | Q3: =IFERROR(__xludf.DUMMYFUNCTION("""COMPUTED_VALUE"""),70.0) -> 70 | U3: =IFERROR(__xludf.DUMMYFUNCTION("QUERY('Systems&BackGlass'!A3:E1000, ""SELECT C, COUNT(C) WHERE lower(E) CONTAINS 'rear system' "" & IF(T2=""All"", """", ""AND lower(A) = '"" & LOWER(TRIM(T2)) & ""' "") & ""GROUP BY C ORDER BY COUNT(C) DESC LABEL COUNT(C) ''"", 0)"),"MOBILECARE - FESTIVE WALK ILOILO") -> MOBILECARE - FESTIVE WALK ILOILO | V3: =IFERROR(__xludf.DUMMYFUNCTION("""COMPUTED_VALUE"""),73.0) -> 73 | Z3: =IFERROR(__xludf.DUMMYFUNCTION("QUERY('Systems&BackGlass'!A3:E1000, ""SELECT C, COUNT(C) WHERE lower(E) CONTAINS 'back glass' "" & IF(Y2=""All"", """", ""AND lower(A) = '"" & LOWER(TRIM(Y2)) & ""' "") & ""GROUP BY C ORDER BY COUNT(C) DESC LABEL COUNT(C) ''"", 0)"),"MOBILECARE - LIMA ESTATE") -> MOBILECARE - LIMA ESTATE | AA3: =IFERROR(__xludf.DUMMYFUNCTION("""COMPUTED_VALUE"""),7.0) -> 7
A4: =TEXT(B4:B1001,"MMMM") -> May | B4: =IFERROR(__xludf.DUMMYFUNCTION("""COMPUTED_VALUE"""),46158.0) -> 46158 | C4: =IFERROR(__xludf.DUMMYFUNCTION("""COMPUTED_VALUE"""),"MOBILECARE - DAVAO") -> MOBILECARE - DAVAO | D4: =IFERROR(__xludf.DUMMYFUNCTION("""COMPUTED_VALUE"""),"TA661-36693") -> TA661-36693 | E4: =IFERROR(__xludf.DUMMYFUNCTION("""COMPUTED_VALUE"""),"iPhone 15, Yellow, 128GB, Logic Board Assy Mid System, ROW") -> iPhone 15, Yellow, 128GB, Logic Board Assy Mid System, ROW | G4: =IFERROR(__xludf.DUMMYFUNCTION("""COMPUTED_VALUE"""),"PP661-23454") -> PP661-23454 | H4: =IFERROR(__xludf.DUMMYFUNCTION("""COMPUTED_VALUE"""),"iPhone 13, Midnight, 128GB, Logic Board Assy Rear System, ROW") -> iPhone 13, Midnight, 128GB, Logic Board Assy Rear System, ROW | I4: =IFERROR(__xludf.DUMMYFUNCTION("""COMPUTED_VALUE"""),149.0) -> 149 | K4: =IFERROR(__xludf.DUMMYFUNCTION("""COMPUTED_VALUE"""),"MOBILECARE - DAVAO") -> MOBILECARE - DAVAO | L4: =IFERROR(__xludf.DUMMYFUNCTION("""COMPUTED_VALUE"""),122.0) -> 122 | P4: =IFERROR(__xludf.DUMMYFUNCTION("""COMPUTED_VALUE"""),"MOBILECARE - DAVAO") -> MOBILECARE - DAVAO | Q4: =IFERROR(__xludf.DUMMYFUNCTION("""COMPUTED_VALUE"""),51.0) -> 51 | U4: =IFERROR(__xludf.DUMMYFUNCTION("""COMPUTED_VALUE"""),"MOBILECARE - DAVAO") -> MOBILECARE - DAVAO | V4: =IFERROR(__xludf.DUMMYFUNCTION("""COMPUTED_VALUE"""),67.0) -> 67 | Z4: =IFERROR(__xludf.DUMMYFUNCTION("""COMPUTED_VALUE"""),"MOBILECARE - GLORIETTA 5") -> MOBILECARE - GLORIETTA 5 | AA4: =IFERROR(__xludf.DUMMYFUNCTION("""COMPUTED_VALUE"""),6.0) -> 6
A5: =TEXT(B5:B1002,"MMMM") -> January | B5: =IFERROR(__xludf.DUMMYFUNCTION("""COMPUTED_VALUE"""),46053.0) -> 46053 | C5: =IFERROR(__xludf.DUMMYFUNCTION("""COMPUTED_VALUE"""),"MOBILECARE - DAVAO") -> MOBILECARE - DAVAO | D5: =IFERROR(__xludf.DUMMYFUNCTION("""COMPUTED_VALUE"""),"TA661-43605") -> TA661-43605 | E5: =IFERROR(__xludf.DUMMYFUNCTION("""COMPUTED_VALUE"""),"128GB, Black, ROW, iPhone 16, Logic Board Assy Mid System") -> 128GB, Black, ROW, iPhone 16, Logic Board Assy Mid System | G5: =IFERROR(__xludf.DUMMYFUNCTION("""COMPUTED_VALUE"""),"PP661-28868") -> PP661-28868 | H5: =IFERROR(__xludf.DUMMYFUNCTION("""COMPUTED_VALUE"""),"iPhone 14, Midnight, 128GB, Logic Board Assy Mid System, ROW") -> iPhone 14, Midnight, 128GB, Logic Board Assy Mid System, ROW | I5: =IFERROR(__xludf.DUMMYFUNCTION("""COMPUTED_VALUE"""),39.0) -> 39 | K5: =IFERROR(__xludf.DUMMYFUNCTION("""COMPUTED_VALUE"""),"MOBILECARE - FESTIVE WALK ILOILO") -> MOBILECARE - FESTIVE WALK ILOILO | L5: =IFERROR(__xludf.DUMMYFUNCTION("""COMPUTED_VALUE"""),111.0) -> 111 | P5: =IFERROR(__xludf.DUMMYFUNCTION("""COMPUTED_VALUE"""),"MOBILECARE - LIMA ESTATE") -> MOBILECARE - LIMA ESTATE | Q5: =IFERROR(__xludf.DUMMYFUNCTION("""COMPUTED_VALUE"""),46.0) -> 46 | U5: =IFERROR(__xludf.DUMMYFUNCTION("""COMPUTED_VALUE"""),"MOBILECARE - NEWPOINT MALL") -> MOBILECARE - NEWPOINT MALL | V5: =IFERROR(__xludf.DUMMYFUNCTION("""COMPUTED_VALUE"""),55.0) -> 55 | Z5: =IFERROR(__xludf.DUMMYFUNCTION("""COMPUTED_VALUE"""),"MOBILECARE - NEWPOINT MALL") -> MOBILECARE - NEWPOINT MALL | AA5: =IFERROR(__xludf.DUMMYFUNCTION("""COMPUTED_VALUE"""),5.0) -> 5
A6: =TEXT(B6:B1003,"MMMM") -> February | B6: =IFERROR(__xludf.DUMMYFUNCTION("""COMPUTED_VALUE"""),46056.0) -> 46056 | C6: =IFERROR(__xludf.DUMMYFUNCTION("""COMPUTED_VALUE"""),"MOBILECARE - DAVAO") -> MOBILECARE - DAVAO | D6: =IFERROR(__xludf.DUMMYFUNCTION("""COMPUTED_VALUE"""),"PP661-23455") -> PP661-23455 | E6: =IFERROR(__xludf.DUMMYFUNCTION("""COMPUTED_VALUE"""),"iPhone 13, Starlight, 128GB, Logic Board Assy Rear System, ROW") -> iPhone 13, Starlight, 128GB, Logic Board Assy Rear System, ROW | G6: =IFERROR(__xludf.DUMMYFUNCTION("""COMPUTED_VALUE"""),"TA661-36694") -> TA661-36694 | H6: =IFERROR(__xludf.DUMMYFUNCTION("""COMPUTED_VALUE"""),"iPhone 15, Blue, 128GB, Logic Board Assy Mid System, ROW") -> iPhone 15, Blue, 128GB, Logic Board Assy Mid System, ROW | I6: =IFERROR(__xludf.DUMMYFUNCTION("""COMPUTED_VALUE"""),35.0) -> 35 | K6: =IFERROR(__xludf.DUMMYFUNCTION("""COMPUTED_VALUE"""),"MOBILECARE - LIMA ESTATE") -> MOBILECARE - LIMA ESTATE | L6: =IFERROR(__xludf.DUMMYFUNCTION("""COMPUTED_VALUE"""),107.0) -> 107 | P6: =IFERROR(__xludf.DUMMYFUNCTION("""COMPUTED_VALUE"""),"MOBILECARE - FESTIVE WALK ILOILO") -> MOBILECARE - FESTIVE WALK ILOILO | Q6: =IFERROR(__xludf.DUMMYFUNCTION("""COMPUTED_VALUE"""),37.0) -> 37 | U6: =IFERROR(__xludf.DUMMYFUNCTION("""COMPUTED_VALUE"""),"MOBILECARE - LIMA ESTATE") -> MOBILECARE - LIMA ESTATE | V6: =IFERROR(__xludf.DUMMYFUNCTION("""COMPUTED_VALUE"""),54.0) -> 54 | Z6: =IFERROR(__xludf.DUMMYFUNCTION("""COMPUTED_VALUE"""),"MOBILECARE - VERTIS NORTH") -> MOBILECARE - VERTIS NORTH | AA6: =IFERROR(__xludf.DUMMYFUNCTION("""COMPUTED_VALUE"""),5.0) -> 5
A7: =TEXT(B7:B1004,"MMMM") -> January | B7: =IFERROR(__xludf.DUMMYFUNCTION("""COMPUTED_VALUE"""),46043.0) -> 46043 | C7: =IFERROR(__xludf.DUMMYFUNCTION("""COMPUTED_VALUE"""),"MOBILECARE - DAVAO") -> MOBILECARE - DAVAO | D7: =IFERROR(__xludf.DUMMYFUNCTION("""COMPUTED_VALUE"""),"PP661-23455") -> PP661-23455 | E7: =IFERROR(__xludf.DUMMYFUNCTION("""COMPUTED_VALUE"""),"iPhone 13, Starlight, 128GB, Logic Board Assy Rear System, ROW") -> iPhone 13, Starlight, 128GB, Logic Board Assy Rear System, ROW | G7: =IFERROR(__xludf.DUMMYFUNCTION("""COMPUTED_VALUE"""),"PP661-28869") -> PP661-28869 | H7: =IFERROR(__xludf.DUMMYFUNCTION("""COMPUTED_VALUE"""),"iPhone 14, Starlight, 128GB, Logic Board Assy Mid System, ROW") -> iPhone 14, Starlight, 128GB, Logic Board Assy Mid System, ROW | I7: =IFERROR(__xludf.DUMMYFUNCTION("""COMPUTED_VALUE"""),27.0) -> 27 | K7: =IFERROR(__xludf.DUMMYFUNCTION("""COMPUTED_VALUE"""),"MOBILECARE - NAGA") -> MOBILECARE - NAGA | L7: =IFERROR(__xludf.DUMMYFUNCTION("""COMPUTED_VALUE"""),66.0) -> 66 | P7: =IFERROR(__xludf.DUMMYFUNCTION("""COMPUTED_VALUE"""),"MOBILECARE - NAGA") -> MOBILECARE - NAGA | Q7: =IFERROR(__xludf.DUMMYFUNCTION("""COMPUTED_VALUE"""),33.0) -> 33 | U7: =IFERROR(__xludf.DUMMYFUNCTION("""COMPUTED_VALUE"""),"MOBILECARE - NAGA") -> MOBILECARE - NAGA | V7: =IFERROR(__xludf.DUMMYFUNCTION("""COMPUTED_VALUE"""),32.0) -> 32 | Z7: =IFERROR(__xludf.DUMMYFUNCTION("""COMPUTED_VALUE"""),"MOBILECARE - APP FESTIVAL MALL") -> MOBILECARE - APP FESTIVAL MALL | AA7: =IFERROR(__xludf.DUMMYFUNCTION("""COMPUTED_VALUE"""),4.0) -> 4
A8: =TEXT(B8:B1005,"MMMM") -> January | B8: =IFERROR(__xludf.DUMMYFUNCTION("""COMPUTED_VALUE"""),46048.0) -> 46048 | C8: =IFERROR(__xludf.DUMMYFUNCTION("""COMPUTED_VALUE"""),"MOBILECARE - DAVAO") -> MOBILECARE - DAVAO | D8: =IFERROR(__xludf.DUMMYFUNCTION("""COMPUTED_VALUE"""),"TA661-43610") -> TA661-43610 | E8: =IFERROR(__xludf.DUMMYFUNCTION("""COMPUTED_VALUE"""),"256GB, Black, ROW, iPhone 16, Logic Board Assy Mid System") -> 256GB, Black, ROW, iPhone 16, Logic Board Assy Mid System | G8: =IFERROR(__xludf.DUMMYFUNCTION("""COMPUTED_VALUE"""),"TA661-36691") -> TA661-36691 | H8: =IFERROR(__xludf.DUMMYFUNCTION("""COMPUTED_VALUE"""),"iPhone 15, Black, 128GB, Logic Board Assy Mid System, ROW") -> iPhone 15, Black, 128GB, Logic Board Assy Mid System, ROW | I8: =IFERROR(__xludf.DUMMYFUNCTION("""COMPUTED_VALUE"""),23.0) -> 23 | K8: =IFERROR(__xludf.DUMMYFUNCTION("""COMPUTED_VALUE"""),"MOBILECARE - CEBU") -> MOBILECARE - CEBU | L8: =IFERROR(__xludf.DUMMYFUNCTION("""COMPUTED_VALUE"""),59.0) -> 59 | P8: =IFERROR(__xludf.DUMMYFUNCTION("""COMPUTED_VALUE"""),"MOBILECARE - CEBU") -> MOBILECARE - CEBU | Q8: =IFERROR(__xludf.DUMMYFUNCTION("""COMPUTED_VALUE"""),28.0) -> 28 | U8: =IFERROR(__xludf.DUMMYFUNCTION("""COMPUTED_VALUE"""),"MOBILECARE - CEBU") -> MOBILECARE - CEBU | V8: =IFERROR(__xludf.DUMMYFUNCTION("""COMPUTED_VALUE"""),29.0) -> 29 | Z8: =IFERROR(__xludf.DUMMYFUNCTION("""COMPUTED_VALUE"""),"MOBILECARE - APP MAGNOLIA") -> MOBILECARE - APP MAGNOLIA | AA8: =IFERROR(__xludf.DUMMYFUNCTION("""COMPUTED_VALUE"""),4.0) -> 4
A9: =TEXT(B9:B1006,"MMMM") -> January | B9: =IFERROR(__xludf.DUMMYFUNCTION("""COMPUTED_VALUE"""),46053.0) -> 46053 | C9: =IFERROR(__xludf.DUMMYFUNCTION("""COMPUTED_VALUE"""),"MOBILECARE - DAVAO") -> MOBILECARE - DAVAO | D9: =IFERROR(__xludf.DUMMYFUNCTION("""COMPUTED_VALUE"""),"PP661-23455") -> PP661-23455 | E9: =IFERROR(__xludf.DUMMYFUNCTION("""COMPUTED_VALUE"""),"iPhone 13, Starlight, 128GB, Logic Board Assy Rear System, ROW") -> iPhone 13, Starlight, 128GB, Logic Board Assy Rear System, ROW | G9: =IFERROR(__xludf.DUMMYFUNCTION("""COMPUTED_VALUE"""),"PP661-28871") -> PP661-28871 | H9: =IFERROR(__xludf.DUMMYFUNCTION("""COMPUTED_VALUE"""),"iPhone 14, Blue, 128GB, Logic Board Assy Mid System, ROW") -> iPhone 14, Blue, 128GB, Logic Board Assy Mid System, ROW | I9: =IFERROR(__xludf.DUMMYFUNCTION("""COMPUTED_VALUE"""),17.0) -> 17 | K9: =IFERROR(__xludf.DUMMYFUNCTION("""COMPUTED_VALUE"""),"MOBILECARE - LA UNION") -> MOBILECARE - LA UNION | L9: =IFERROR(__xludf.DUMMYFUNCTION("""COMPUTED_VALUE"""),47.0) -> 47 | P9: =IFERROR(__xludf.DUMMYFUNCTION("""COMPUTED_VALUE"""),"MOBILECARE - CAGAYAN DE ORO") -> MOBILECARE - CAGAYAN DE ORO | Q9: =IFERROR(__xludf.DUMMYFUNCTION("""COMPUTED_VALUE"""),27.0) -> 27 | U9: =IFERROR(__xludf.DUMMYFUNCTION("""COMPUTED_VALUE"""),"MOBILECARE - LA UNION") -> MOBILECARE - LA UNION | V9: =IFERROR(__xludf.DUMMYFUNCTION("""COMPUTED_VALUE"""),25.0) -> 25 | Z9: =IFERROR(__xludf.DUMMYFUNCTION("""COMPUTED_VALUE"""),"MOBILECARE - APP THE ANNEX") -> MOBILECARE - APP THE ANNEX | AA9: =IFERROR(__xludf.DUMMYFUNCTION("""COMPUTED_VALUE"""),4.0) -> 4
A10: =TEXT(B10:B1007,"MMMM") -> January | B10: =IFERROR(__xludf.DUMMYFUNCTION("""COMPUTED_VALUE"""),46048.0) -> 46048 | C10: =IFERROR(__xludf.DUMMYFUNCTION("""COMPUTED_VALUE"""),"MOBILECARE - DAVAO") -> MOBILECARE - DAVAO | D10: =IFERROR(__xludf.DUMMYFUNCTION("""COMPUTED_VALUE"""),"PP661-23454") -> PP661-23454 | E10: =IFERROR(__xludf.DUMMYFUNCTION("""COMPUTED_VALUE"""),"iPhone 13, Midnight, 128GB, Logic Board Assy Rear System, ROW") -> iPhone 13, Midnight, 128GB, Logic Board Assy Rear System, ROW | G10: =IFERROR(__xludf.DUMMYFUNCTION("""COMPUTED_VALUE"""),"TA661-36692") -> TA661-36692 | H10: =IFERROR(__xludf.DUMMYFUNCTION("""COMPUTED_VALUE"""),"iPhone 15, Pink, 128GB, Logic Board Assy Mid System, ROW") -> iPhone 15, Pink, 128GB, Logic Board Assy Mid System, ROW | I10: =IFERROR(__xludf.DUMMYFUNCTION("""COMPUTED_VALUE"""),12.0) -> 12 | K10: =IFERROR(__xludf.DUMMYFUNCTION("""COMPUTED_VALUE"""),"MOBILECARE - CAGAYAN DE ORO") -> MOBILECARE - CAGAYAN DE ORO | L10: =IFERROR(__xludf.DUMMYFUNCTION("""COMPUTED_VALUE"""),41.0) -> 41 | P10: =IFERROR(__xludf.DUMMYFUNCTION("""COMPUTED_VALUE"""),"MOBILECARE - LA UNION") -> MOBILECARE - LA UNION | Q10: =IFERROR(__xludf.DUMMYFUNCTION("""COMPUTED_VALUE"""),18.0) -> 18 | U10: =IFERROR(__xludf.DUMMYFUNCTION("""COMPUTED_VALUE"""),"MOBILECARE - ZAMBOANGA") -> MOBILECARE - ZAMBOANGA | V10: =IFERROR(__xludf.DUMMYFUNCTION("""COMPUTED_VALUE"""),17.0) -> 17 | Z10: =IFERROR(__xludf.DUMMYFUNCTION("""COMPUTED_VALUE"""),"MOBILECARE - APP TRINOMA") -> MOBILECARE - APP TRINOMA | AA10: =IFERROR(__xludf.DUMMYFUNCTION("""COMPUTED_VALUE"""),4.0) -> 4
A11: =TEXT(B11:B1008,"MMMM") -> January | B11: =IFERROR(__xludf.DUMMYFUNCTION("""COMPUTED_VALUE"""),46045.0) -> 46045 | C11: =IFERROR(__xludf.DUMMYFUNCTION("""COMPUTED_VALUE"""),"MOBILECARE - DAVAO") -> MOBILECARE - DAVAO | D11: =IFERROR(__xludf.DUMMYFUNCTION("""COMPUTED_VALUE"""),"PP661-23455") -> PP661-23455 | E11: =IFERROR(__xludf.DUMMYFUNCTION("""COMPUTED_VALUE"""),"iPhone 13, Starlight, 128GB, Logic Board Assy Rear System, ROW") -> iPhone 13, Starlight, 128GB, Logic Board Assy Rear System, ROW | G11: =IFERROR(__xludf.DUMMYFUNCTION("""COMPUTED_VALUE"""),"TA661-43606") -> TA661-43606 | H11: =IFERROR(__xludf.DUMMYFUNCTION("""COMPUTED_VALUE"""),"128GB, White, ROW, iPhone 16, Logic Board Assy Mid System") -> 128GB, White, ROW, iPhone 16, Logic Board Assy Mid System | I11: =IFERROR(__xludf.DUMMYFUNCTION("""COMPUTED_VALUE"""),12.0) -> 12 | K11: =IFERROR(__xludf.DUMMYFUNCTION("""COMPUTED_VALUE"""),"MOBILECARE - ZAMBOANGA") -> MOBILECARE - ZAMBOANGA | L11: =IFERROR(__xludf.DUMMYFUNCTION("""COMPUTED_VALUE"""),32.0) -> 32 | P11: =IFERROR(__xludf.DUMMYFUNCTION("""COMPUTED_VALUE"""),"MOBILECARE - ZAMBOANGA") -> MOBILECARE - ZAMBOANGA | Q11: =IFERROR(__xludf.DUMMYFUNCTION("""COMPUTED_VALUE"""),12.0) -> 12 | U11: =IFERROR(__xludf.DUMMYFUNCTION("""COMPUTED_VALUE"""),"MOBILECARE - CAGAYAN DE ORO") -> MOBILECARE - CAGAYAN DE ORO | V11: =IFERROR(__xludf.DUMMYFUNCTION("""COMPUTED_VALUE"""),12.0) -> 12 | Z11: =IFERROR(__xludf.DUMMYFUNCTION("""COMPUTED_VALUE"""),"MOBILECARE - DAVAO") -> MOBILECARE - DAVAO | AA11: =IFERROR(__xludf.DUMMYFUNCTION("""COMPUTED_VALUE"""),4.0) -> 4
A12: =TEXT(B12:B1009,"MMMM") -> January | B12: =IFERROR(__xludf.DUMMYFUNCTION("""COMPUTED_VALUE"""),46044.0) -> 46044 | C12: =IFERROR(__xludf.DUMMYFUNCTION("""COMPUTED_VALUE"""),"MOBILECARE - DAVAO") -> MOBILECARE - DAVAO | D12: =IFERROR(__xludf.DUMMYFUNCTION("""COMPUTED_VALUE"""),"PP661-23455") -> PP661-23455 | E12: =IFERROR(__xludf.DUMMYFUNCTION("""COMPUTED_VALUE"""),"iPhone 13, Starlight, 128GB, Logic Board Assy Rear System, ROW") -> iPhone 13, Starlight, 128GB, Logic Board Assy Rear System, ROW | G12: =IFERROR(__xludf.DUMMYFUNCTION("""COMPUTED_VALUE"""),"TA661-43605") -> TA661-43605 | H12: =IFERROR(__xludf.DUMMYFUNCTION("""COMPUTED_VALUE"""),"128GB, Black, ROW, iPhone 16, Logic Board Assy Mid System") -> 128GB, Black, ROW, iPhone 16, Logic Board Assy Mid System | I12: =IFERROR(__xludf.DUMMYFUNCTION("""COMPUTED_VALUE"""),11.0) -> 11 | K12: =IFERROR(__xludf.DUMMYFUNCTION("""COMPUTED_VALUE"""),"MOBILECARE - GLORIETTA 5") -> MOBILECARE - GLORIETTA 5 | L12: =IFERROR(__xludf.DUMMYFUNCTION("""COMPUTED_VALUE"""),6.0) -> 6 | P12: =IFERROR(__xludf.DUMMYFUNCTION("""COMPUTED_VALUE"""),"MOBILECARE - APP SM LANANG") -> MOBILECARE - APP SM LANANG | Q12: =IFERROR(__xludf.DUMMYFUNCTION("""COMPUTED_VALUE"""),1.0) -> 1 | U12: =IFERROR(__xludf.DUMMYFUNCTION("""COMPUTED_VALUE"""),"MOBILECARE - APP SM LANANG") -> MOBILECARE - APP SM LANANG | V12: =IFERROR(__xludf.DUMMYFUNCTION("""COMPUTED_VALUE"""),3.0) -> 3 | Z12: =IFERROR(__xludf.DUMMYFUNCTION("""COMPUTED_VALUE"""),"MOBILECARE - LA UNION") -> MOBILECARE - LA UNION | AA12: =IFERROR(__xludf.DUMMYFUNCTION("""COMPUTED_VALUE"""),4.0) -> 4
A13: =TEXT(B13:B1010,"MMMM") -> February | B13: =IFERROR(__xludf.DUMMYFUNCTION("""COMPUTED_VALUE"""),46054.0) -> 46054 | C13: =IFERROR(__xludf.DUMMYFUNCTION("""COMPUTED_VALUE"""),"MOBILECARE - DAVAO") -> MOBILECARE - DAVAO | D13: =IFERROR(__xludf.DUMMYFUNCTION("""COMPUTED_VALUE"""),"PP661-23455") -> PP661-23455 | E13: =IFERROR(__xludf.DUMMYFUNCTION("""COMPUTED_VALUE"""),"iPhone 13, Starlight, 128GB, Logic Board Assy Rear System, ROW") -> iPhone 13, Starlight, 128GB, Logic Board Assy Rear System, ROW | G13: =IFERROR(__xludf.DUMMYFUNCTION("""COMPUTED_VALUE"""),"661-44960") -> 661-44960 | H13: =IFERROR(__xludf.DUMMYFUNCTION("""COMPUTED_VALUE"""),"Desert Titanium, Back Glass, iPhone 16 Pro Max") -> Desert Titanium, Back Glass, iPhone 16 Pro Max | I13: =IFERROR(__xludf.DUMMYFUNCTION("""COMPUTED_VALUE"""),10.0) -> 10 | K13: =IFERROR(__xludf.DUMMYFUNCTION("""COMPUTED_VALUE"""),"MOBILECARE - VERTIS NORTH") -> MOBILECARE - VERTIS NORTH | L13: =IFERROR(__xludf.DUMMYFUNCTION("""COMPUTED_VALUE"""),5.0) -> 5 | U13: =IFERROR(__xludf.DUMMYFUNCTION("""COMPUTED_VALUE"""),"MOBILECARE - APP THE ANNEX") -> MOBILECARE - APP THE ANNEX | V13: =IFERROR(__xludf.DUMMYFUNCTION("""COMPUTED_VALUE"""),1.0) -> 1 | Z13: =IFERROR(__xludf.DUMMYFUNCTION("""COMPUTED_VALUE"""),"MOBILECARE - NORTHEAST SQUARE") -> MOBILECARE - NORTHEAST SQUARE | AA13: =IFERROR(__xludf.DUMMYFUNCTION("""COMPUTED_VALUE"""),3.0) -> 3
A14: =TEXT(B14:B1011,"MMMM") -> January | B14: =IFERROR(__xludf.DUMMYFUNCTION("""COMPUTED_VALUE"""),46050.0) -> 46050 | C14: =IFERROR(__xludf.DUMMYFUNCTION("""COMPUTED_VALUE"""),"MOBILECARE - DAVAO") -> MOBILECARE - DAVAO | D14: =IFERROR(__xludf.DUMMYFUNCTION("""COMPUTED_VALUE"""),"PP661-23455") -> PP661-23455 | E14: =IFERROR(__xludf.DUMMYFUNCTION("""COMPUTED_VALUE"""),"iPhone 13, Starlight, 128GB, Logic Board Assy Rear System, ROW") -> iPhone 13, Starlight, 128GB, Logic Board Assy Rear System, ROW | G14: =IFERROR(__xludf.DUMMYFUNCTION("""COMPUTED_VALUE"""),"TA661-36696") -> TA661-36696 | H14: =IFERROR(__xludf.DUMMYFUNCTION("""COMPUTED_VALUE"""),"iPhone 15, Black, 256GB, Logic Board Assy Mid System, ROW") -> iPhone 15, Black, 256GB, Logic Board Assy Mid System, ROW | I14: =IFERROR(__xludf.DUMMYFUNCTION("""COMPUTED_VALUE"""),9.0) -> 9 | K14: =IFERROR(__xludf.DUMMYFUNCTION("""COMPUTED_VALUE"""),"MOBILECARE - APP THE ANNEX") -> MOBILECARE - APP THE ANNEX | L14: =IFERROR(__xludf.DUMMYFUNCTION("""COMPUTED_VALUE"""),5.0) -> 5 | Z14: =IFERROR(__xludf.DUMMYFUNCTION("""COMPUTED_VALUE"""),"MOBILECARE - S'MAISON") -> MOBILECARE - S'MAISON | AA14: =IFERROR(__xludf.DUMMYFUNCTION("""COMPUTED_VALUE"""),3.0) -> 3
A15: =TEXT(B15:B1012,"MMMM") -> January | B15: =IFERROR(__xludf.DUMMYFUNCTION("""COMPUTED_VALUE"""),46052.0) -> 46052 | C15: =IFERROR(__xludf.DUMMYFUNCTION("""COMPUTED_VALUE"""),"MOBILECARE - DAVAO") -> MOBILECARE - DAVAO | D15: =IFERROR(__xludf.DUMMYFUNCTION("""COMPUTED_VALUE"""),"PP661-28868") -> PP661-28868 | E15: =IFERROR(__xludf.DUMMYFUNCTION("""COMPUTED_VALUE"""),"iPhone 14, Midnight, 128GB, Logic Board Assy Mid System, ROW") -> iPhone 14, Midnight, 128GB, Logic Board Assy Mid System, ROW | G15: =IFERROR(__xludf.DUMMYFUNCTION("""COMPUTED_VALUE"""),"TA661-36697") -> TA661-36697 | H15: =IFERROR(__xludf.DUMMYFUNCTION("""COMPUTED_VALUE"""),"iPhone 15, Pink, 256GB, Logic Board Assy Mid System, ROW") -> iPhone 15, Pink, 256GB, Logic Board Assy Mid System, ROW | I15: =IFERROR(__xludf.DUMMYFUNCTION("""COMPUTED_VALUE"""),9.0) -> 9 | K15: =IFERROR(__xludf.DUMMYFUNCTION("""COMPUTED_VALUE"""),"MOBILECARE - APP MAGNOLIA") -> MOBILECARE - APP MAGNOLIA | L15: =IFERROR(__xludf.DUMMYFUNCTION("""COMPUTED_VALUE"""),4.0) -> 4 | Z15: =IFERROR(__xludf.DUMMYFUNCTION("""COMPUTED_VALUE"""),"MOBILECARE - ZAMBOANGA") -> MOBILECARE - ZAMBOANGA | AA15: =IFERROR(__xludf.DUMMYFUNCTION("""COMPUTED_VALUE"""),3.0) -> 3
A16: =TEXT(B16:B1013,"MMMM") -> January | B16: =IFERROR(__xludf.DUMMYFUNCTION("""COMPUTED_VALUE"""),46049.0) -> 46049 | C16: =IFERROR(__xludf.DUMMYFUNCTION("""COMPUTED_VALUE"""),"MOBILECARE - DAVAO") -> MOBILECARE - DAVAO | D16: =IFERROR(__xludf.DUMMYFUNCTION("""COMPUTED_VALUE"""),"PP661-23454") -> PP661-23454 | E16: =IFERROR(__xludf.DUMMYFUNCTION("""COMPUTED_VALUE"""),"iPhone 13, Midnight, 128GB, Logic Board Assy Rear System, ROW") -> iPhone 13, Midnight, 128GB, Logic Board Assy Rear System, ROW | G16: =IFERROR(__xludf.DUMMYFUNCTION("""COMPUTED_VALUE"""),"TA661-43609") -> TA661-43609 | H16: =IFERROR(__xludf.DUMMYFUNCTION("""COMPUTED_VALUE"""),"128GB, Teal, ROW, iPhone 16, Logic Board Assy Mid System") -> 128GB, Teal, ROW, iPhone 16, Logic Board Assy Mid System | I16: =IFERROR(__xludf.DUMMYFUNCTION("""COMPUTED_VALUE"""),8.0) -> 8 | K16: =IFERROR(__xludf.DUMMYFUNCTION("""COMPUTED_VALUE"""),"MOBILECARE - APP SM LANANG") -> MOBILECARE - APP SM LANANG | L16: =IFERROR(__xludf.DUMMYFUNCTION("""COMPUTED_VALUE"""),4.0) -> 4 | Z16: =IFERROR(__xludf.DUMMYFUNCTION("""COMPUTED_VALUE"""),"MOBILECARE - APP MALL OF ASIA") -> MOBILECARE - APP MALL OF ASIA | AA16: =IFERROR(__xludf.DUMMYFUNCTION("""COMPUTED_VALUE"""),2.0) -> 2
A17: =TEXT(B17:B1014,"MMMM") -> January | B17: =IFERROR(__xludf.DUMMYFUNCTION("""COMPUTED_VALUE"""),46044.0) -> 46044 | C17: =IFERROR(__xludf.DUMMYFUNCTION("""COMPUTED_VALUE"""),"MOBILECARE - DAVAO") -> MOBILECARE - DAVAO | D17: =IFERROR(__xludf.DUMMYFUNCTION("""COMPUTED_VALUE"""),"PP661-23454") -> PP661-23454 | E17: =IFERROR(__xludf.DUMMYFUNCTION("""COMPUTED_VALUE"""),"iPhone 13, Midnight, 128GB, Logic Board Assy Rear System, ROW") -> iPhone 13, Midnight, 128GB, Logic Board Assy Rear System, ROW | G17: =IFERROR(__xludf.DUMMYFUNCTION("""COMPUTED_VALUE"""),"TA661-45232") -> TA661-45232 | H17: =IFERROR(__xludf.DUMMYFUNCTION("""COMPUTED_VALUE"""),"128GB, White, ROW, iPhone 16 Plus, Logic Board Assy Mid System") -> 128GB, White, ROW, iPhone 16 Plus, Logic Board Assy Mid System | I17: =IFERROR(__xludf.DUMMYFUNCTION("""COMPUTED_VALUE"""),8.0) -> 8 | K17: =IFERROR(__xludf.DUMMYFUNCTION("""COMPUTED_VALUE"""),"MOBILECARE - APP FESTIVAL MALL") -> MOBILECARE - APP FESTIVAL MALL | L17: =IFERROR(__xludf.DUMMYFUNCTION("""COMPUTED_VALUE"""),4.0) -> 4 | Z17: =IFERROR(__xludf.DUMMYFUNCTION("""COMPUTED_VALUE"""),"MOBILECARE - CAGAYAN DE ORO") -> MOBILECARE - CAGAYAN DE ORO | AA17: =IFERROR(__xludf.DUMMYFUNCTION("""COMPUTED_VALUE"""),2.0) -> 2
A18: =TEXT(B18:B1015,"MMMM") -> January | B18: =IFERROR(__xludf.DUMMYFUNCTION("""COMPUTED_VALUE"""),46047.0) -> 46047 | C18: =IFERROR(__xludf.DUMMYFUNCTION("""COMPUTED_VALUE"""),"MOBILECARE - DAVAO") -> MOBILECARE - DAVAO | D18: =IFERROR(__xludf.DUMMYFUNCTION("""COMPUTED_VALUE"""),"PP661-23454") -> PP661-23454 | E18: =IFERROR(__xludf.DUMMYFUNCTION("""COMPUTED_VALUE"""),"iPhone 13, Midnight, 128GB, Logic Board Assy Rear System, ROW") -> iPhone 13, Midnight, 128GB, Logic Board Assy Rear System, ROW | G18: =IFERROR(__xludf.DUMMYFUNCTION("""COMPUTED_VALUE"""),"TA661-43608") -> TA661-43608 | H18: =IFERROR(__xludf.DUMMYFUNCTION("""COMPUTED_VALUE"""),"128GB, Ultramarine, ROW, iPhone 16, Logic Board Assy Mid System") -> 128GB, Ultramarine, ROW, iPhone 16, Logic Board Assy Mid System | I18: =IFERROR(__xludf.DUMMYFUNCTION("""COMPUTED_VALUE"""),6.0) -> 6 | K18: =IFERROR(__xludf.DUMMYFUNCTION("""COMPUTED_VALUE"""),"MOBILECARE - APP TRINOMA") -> MOBILECARE - APP TRINOMA | L18: =IFERROR(__xludf.DUMMYFUNCTION("""COMPUTED_VALUE"""),4.0) -> 4 | Z18: =IFERROR(__xludf.DUMMYFUNCTION("""COMPUTED_VALUE"""),"MOBILECARE - CEBU") -> MOBILECARE - CEBU | AA18: =IFERROR(__xludf.DUMMYFUNCTION("""COMPUTED_VALUE"""),2.0) -> 2
A19: =TEXT(B19:B1016,"MMMM") -> January | B19: =IFERROR(__xludf.DUMMYFUNCTION("""COMPUTED_VALUE"""),46046.0) -> 46046 | C19: =IFERROR(__xludf.DUMMYFUNCTION("""COMPUTED_VALUE"""),"MOBILECARE - DAVAO") -> MOBILECARE - DAVAO | D19: =IFERROR(__xludf.DUMMYFUNCTION("""COMPUTED_VALUE"""),"TA661-43609") -> TA661-43609 | E19: =IFERROR(__xludf.DUMMYFUNCTION("""COMPUTED_VALUE"""),"128GB, Teal, ROW, iPhone 16, Logic Board Assy Mid System") -> 128GB, Teal, ROW, iPhone 16, Logic Board Assy Mid System | G19: =IFERROR(__xludf.DUMMYFUNCTION("""COMPUTED_VALUE"""),"TA661-36695") -> TA661-36695 | H19: =IFERROR(__xludf.DUMMYFUNCTION("""COMPUTED_VALUE"""),"iPhone 15, Green, 128GB, Logic Board Assy Mid System, ROW") -> iPhone 15, Green, 128GB, Logic Board Assy Mid System, ROW | I19: =IFERROR(__xludf.DUMMYFUNCTION("""COMPUTED_VALUE"""),6.0) -> 6 | K19: =IFERROR(__xludf.DUMMYFUNCTION("""COMPUTED_VALUE"""),"MOBILECARE - S'MAISON") -> MOBILECARE - S'MAISON | L19: =IFERROR(__xludf.DUMMYFUNCTION("""COMPUTED_VALUE"""),3.0) -> 3 | Z19: =IFERROR(__xludf.DUMMYFUNCTION("""COMPUTED_VALUE"""),"MOBILECARE - APP GREENBELT 3") -> MOBILECARE - APP GREENBELT 3 | AA19: =IFERROR(__xludf.DUMMYFUNCTION("""COMPUTED_VALUE"""),1.0) -> 1
A20: =TEXT(B20:B1017,"MMMM") -> January | B20: =IFERROR(__xludf.DUMMYFUNCTION("""COMPUTED_VALUE"""),46040.0) -> 46040 | C20: =IFERROR(__xludf.DUMMYFUNCTION("""COMPUTED_VALUE"""),"MOBILECARE - DAVAO") -> MOBILECARE - DAVAO | D20: =IFERROR(__xludf.DUMMYFUNCTION("""COMPUTED_VALUE"""),"TA661-36694") -> TA661-36694 | E20: =IFERROR(__xludf.DUMMYFUNCTION("""COMPUTED_VALUE"""),"iPhone 15, Blue, 128GB, Logic Board Assy Mid System, ROW") -> iPhone 15, Blue, 128GB, Logic Board Assy Mid System, ROW | G20: =IFERROR(__xludf.DUMMYFUNCTION("""COMPUTED_VALUE"""),"TA661-43607") -> TA661-43607 | H20: =IFERROR(__xludf.DUMMYFUNCTION("""COMPUTED_VALUE"""),"128GB, Pink, ROW, iPhone 16, Logic Board Assy Mid System") -> 128GB, Pink, ROW, iPhone 16, Logic Board Assy Mid System | I20: =IFERROR(__xludf.DUMMYFUNCTION("""COMPUTED_VALUE"""),6.0) -> 6 | K20: =IFERROR(__xludf.DUMMYFUNCTION("""COMPUTED_VALUE"""),"MOBILECARE - NORTHEAST SQUARE") -> MOBILECARE - NORTHEAST SQUARE | L20: =IFERROR(__xludf.DUMMYFUNCTION("""COMPUTED_VALUE"""),3.0) -> 3 | Z20: =IFERROR(__xludf.DUMMYFUNCTION("""COMPUTED_VALUE"""),"MOBILECARE - APP MEGAMALL") -> MOBILECARE - APP MEGAMALL | AA20: =IFERROR(__xludf.DUMMYFUNCTION("""COMPUTED_VALUE"""),1.0) -> 1
A21: =TEXT(B21:B1018,"MMMM") -> January | B21: =IFERROR(__xludf.DUMMYFUNCTION("""COMPUTED_VALUE"""),46040.0) -> 46040 | C21: =IFERROR(__xludf.DUMMYFUNCTION("""COMPUTED_VALUE"""),"MOBILECARE - DAVAO") -> MOBILECARE - DAVAO | D21: =IFERROR(__xludf.DUMMYFUNCTION("""COMPUTED_VALUE"""),"661-36841") -> 661-36841 | E21: =IFERROR(__xludf.DUMMYFUNCTION("""COMPUTED_VALUE"""),"Blue, Back Glass, iPhone 15") -> Blue, Back Glass, iPhone 15 | G21: =IFERROR(__xludf.DUMMYFUNCTION("""COMPUTED_VALUE"""),"661-56122") -> 661-56122 | H21: =IFERROR(__xludf.DUMMYFUNCTION("""COMPUTED_VALUE"""),"Silver, Back Glass, iPhone 17 Pro") -> Silver, Back Glass, iPhone 17 Pro | I21: =IFERROR(__xludf.DUMMYFUNCTION("""COMPUTED_VALUE"""),6.0) -> 6 | K21: =IFERROR(__xludf.DUMMYFUNCTION("""COMPUTED_VALUE"""),"MOBILECARE - APP MALL OF ASIA") -> MOBILECARE - APP MALL OF ASIA | L21: =IFERROR(__xludf.DUMMYFUNCTION("""COMPUTED_VALUE"""),2.0) -> 2 | Z21: =IFERROR(__xludf.DUMMYFUNCTION("""COMPUTED_VALUE"""),"MOBILECARE - APP POWER PLANT MALL") -> MOBILECARE - APP POWER PLANT MALL | AA21: =IFERROR(__xludf.DUMMYFUNCTION("""COMPUTED_VALUE"""),1.0) -> 1
A22: =TEXT(B22:B1019,"MMMM") -> January | B22: =IFERROR(__xludf.DUMMYFUNCTION("""COMPUTED_VALUE"""),46045.0) -> 46045 | C22: =IFERROR(__xludf.DUMMYFUNCTION("""COMPUTED_VALUE"""),"MOBILECARE - DAVAO") -> MOBILECARE - DAVAO | D22: =IFERROR(__xludf.DUMMYFUNCTION("""COMPUTED_VALUE"""),"PP661-23454") -> PP661-23454 | E22: =IFERROR(__xludf.DUMMYFUNCTION("""COMPUTED_VALUE"""),"iPhone 13, Midnight, 128GB, Logic Board Assy Rear System, ROW") -> iPhone 13, Midnight, 128GB, Logic Board Assy Rear System, ROW | G22: =IFERROR(__xludf.DUMMYFUNCTION("""COMPUTED_VALUE"""),"TA661-44995") -> TA661-44995 | H22: =IFERROR(__xludf.DUMMYFUNCTION("""COMPUTED_VALUE"""),"128GB, Black Titanium, ROW, iPhone 16 Pro, Logic Board Assy Mid System") -> 128GB, Black Titanium, ROW, iPhone 16 Pro, Logic Board Assy Mid System | I22: =IFERROR(__xludf.DUMMYFUNCTION("""COMPUTED_VALUE"""),6.0) -> 6 | K22: =IFERROR(__xludf.DUMMYFUNCTION("""COMPUTED_VALUE"""),"MOBILECARE - APP MEGAMALL") -> MOBILECARE - APP MEGAMALL | L22: =IFERROR(__xludf.DUMMYFUNCTION("""COMPUTED_VALUE"""),1.0) -> 1 | Z22: =IFERROR(__xludf.DUMMYFUNCTION("""COMPUTED_VALUE"""),"MOBILECARE - FESTIVE WALK ILOILO") -> MOBILECARE - FESTIVE WALK ILOILO | AA22: =IFERROR(__xludf.DUMMYFUNCTION("""COMPUTED_VALUE"""),1.0) -> 1
A23: =TEXT(B23:B1020,"MMMM") -> January | B23: =IFERROR(__xludf.DUMMYFUNCTION("""COMPUTED_VALUE"""),46044.0) -> 46044 | C23: =IFERROR(__xludf.DUMMYFUNCTION("""COMPUTED_VALUE"""),"MOBILECARE - DAVAO") -> MOBILECARE - DAVAO | D23: =IFERROR(__xludf.DUMMYFUNCTION("""COMPUTED_VALUE"""),"PP661-23455") -> PP661-23455 | E23: =IFERROR(__xludf.DUMMYFUNCTION("""COMPUTED_VALUE"""),"iPhone 13, Starlight, 128GB, Logic Board Assy Rear System, ROW") -> iPhone 13, Starlight, 128GB, Logic Board Assy Rear System, ROW | G23: =IFERROR(__xludf.DUMMYFUNCTION("""COMPUTED_VALUE"""),"TA661-44997") -> TA661-44997 | H23: =IFERROR(__xludf.DUMMYFUNCTION("""COMPUTED_VALUE"""),"128GB, Desert Titanium, ROW, iPhone 16 Pro, Logic Board Assy Mid System") -> 128GB, Desert Titanium, ROW, iPhone 16 Pro, Logic Board Assy Mid System | I23: =IFERROR(__xludf.DUMMYFUNCTION("""COMPUTED_VALUE"""),6.0) -> 6 | K23: =IFERROR(__xludf.DUMMYFUNCTION("""COMPUTED_VALUE"""),"MOBILECARE - APP GREENBELT 3") -> MOBILECARE - APP GREENBELT 3 | L23: =IFERROR(__xludf.DUMMYFUNCTION("""COMPUTED_VALUE"""),1.0) -> 1 | Z23: =IFERROR(__xludf.DUMMYFUNCTION("""COMPUTED_VALUE"""),"MOBILECARE - NAGA") -> MOBILECARE - NAGA | AA23: =IFERROR(__xludf.DUMMYFUNCTION("""COMPUTED_VALUE"""),1.0) -> 1
A24: =TEXT(B24:B1021,"MMMM") -> January | B24: =IFERROR(__xludf.DUMMYFUNCTION("""COMPUTED_VALUE"""),46039.0) -> 46039 | C24: =IFERROR(__xludf.DUMMYFUNCTION("""COMPUTED_VALUE"""),"MOBILECARE - DAVAO") -> MOBILECARE - DAVAO | D24: =IFERROR(__xludf.DUMMYFUNCTION("""COMPUTED_VALUE"""),"PP661-23454") -> PP661-23454 | E24: =IFERROR(__xludf.DUMMYFUNCTION("""COMPUTED_VALUE"""),"iPhone 13, Midnight, 128GB, Logic Board Assy Rear System, ROW") -> iPhone 13, Midnight, 128GB, Logic Board Assy Rear System, ROW | G24: =IFERROR(__xludf.DUMMYFUNCTION("""COMPUTED_VALUE"""),"TA661-44999") -> TA661-44999 | H24: =IFERROR(__xludf.DUMMYFUNCTION("""COMPUTED_VALUE"""),"256GB, Black Titanium, ROW, iPhone 16 Pro, Logic Board Assy Mid System") -> 256GB, Black Titanium, ROW, iPhone 16 Pro, Logic Board Assy Mid System | I24: =IFERROR(__xludf.DUMMYFUNCTION("""COMPUTED_VALUE"""),5.0) -> 5 | K24: =IFERROR(__xludf.DUMMYFUNCTION("""COMPUTED_VALUE"""),"MOBILECARE - THE PODIUM") -> MOBILECARE - THE PODIUM | L24: =IFERROR(__xludf.DUMMYFUNCTION("""COMPUTED_VALUE"""),1.0) -> 1 | Z24: =IFERROR(__xludf.DUMMYFUNCTION("""COMPUTED_VALUE"""),"MOBILECARE - THE PODIUM") -> MOBILECARE - THE PODIUM | AA24: =IFERROR(__xludf.DUMMYFUNCTION("""COMPUTED_VALUE"""),1.0) -> 1
A25: =TEXT(B25:B1022,"MMMM") -> January | B25: =IFERROR(__xludf.DUMMYFUNCTION("""COMPUTED_VALUE"""),46037.0) -> 46037 | C25: =IFERROR(__xludf.DUMMYFUNCTION("""COMPUTED_VALUE"""),"MOBILECARE - DAVAO") -> MOBILECARE - DAVAO | D25: =IFERROR(__xludf.DUMMYFUNCTION("""COMPUTED_VALUE"""),"PP661-23455") -> PP661-23455 | E25: =IFERROR(__xludf.DUMMYFUNCTION("""COMPUTED_VALUE"""),"iPhone 13, Starlight, 128GB, Logic Board Assy Rear System, ROW") -> iPhone 13, Starlight, 128GB, Logic Board Assy Rear System, ROW | G25: =IFERROR(__xludf.DUMMYFUNCTION("""COMPUTED_VALUE"""),"PP661-28873") -> PP661-28873 | H25: =IFERROR(__xludf.DUMMYFUNCTION("""COMPUTED_VALUE"""),"iPhone 14, Midnight, 256GB, Logic Board Assy Mid System, ROW") -> iPhone 14, Midnight, 256GB, Logic Board Assy Mid System, ROW | I25: =IFERROR(__xludf.DUMMYFUNCTION("""COMPUTED_VALUE"""),5.0) -> 5 | K25: =IFERROR(__xludf.DUMMYFUNCTION("""COMPUTED_VALUE"""),"MOBILECARE - APP POWER PLANT MALL") -> MOBILECARE - APP POWER PLANT MALL | L25: =IFERROR(__xludf.DUMMYFUNCTION("""COMPUTED_VALUE"""),1.0) -> 1
A26: =TEXT(B26:B1023,"MMMM") -> January | B26: =IFERROR(__xludf.DUMMYFUNCTION("""COMPUTED_VALUE"""),46039.0) -> 46039 | C26: =IFERROR(__xludf.DUMMYFUNCTION("""COMPUTED_VALUE"""),"MOBILECARE - DAVAO") -> MOBILECARE - DAVAO | D26: =IFERROR(__xludf.DUMMYFUNCTION("""COMPUTED_VALUE"""),"TA661-36694") -> TA661-36694 | E26: =IFERROR(__xludf.DUMMYFUNCTION("""COMPUTED_VALUE"""),"iPhone 15, Blue, 128GB, Logic Board Assy Mid System, ROW") -> iPhone 15, Blue, 128GB, Logic Board Assy Mid System, ROW | G26: =IFERROR(__xludf.DUMMYFUNCTION("""COMPUTED_VALUE"""),"TA661-45236") -> TA661-45236 | H26: =IFERROR(__xludf.DUMMYFUNCTION("""COMPUTED_VALUE"""),"256GB, Black, ROW, iPhone 16 Plus, Logic Board Assy Mid System") -> 256GB, Black, ROW, iPhone 16 Plus, Logic Board Assy Mid System | I26: =IFERROR(__xludf.DUMMYFUNCTION("""COMPUTED_VALUE"""),5.0) -> 5 | O26: Part Number | P26: Part Description | Q26: Quantity | Y26: Part Number | Z26: Part Description | AA26: Quantity
A27: =TEXT(B27:B1024,"MMMM") -> January | B27: =IFERROR(__xludf.DUMMYFUNCTION("""COMPUTED_VALUE"""),46028.0) -> 46028 | C27: =IFERROR(__xludf.DUMMYFUNCTION("""COMPUTED_VALUE"""),"MOBILECARE - DAVAO") -> MOBILECARE - DAVAO | D27: =IFERROR(__xludf.DUMMYFUNCTION("""COMPUTED_VALUE"""),"PP661-23454") -> PP661-23454 | E27: =IFERROR(__xludf.DUMMYFUNCTION("""COMPUTED_VALUE"""),"iPhone 13, Midnight, 128GB, Logic Board Assy Rear System, ROW") -> iPhone 13, Midnight, 128GB, Logic Board Assy Rear System, ROW | G27: =IFERROR(__xludf.DUMMYFUNCTION("""COMPUTED_VALUE"""),"TA661-45231") -> TA661-45231 | H27: =IFERROR(__xludf.DUMMYFUNCTION("""COMPUTED_VALUE"""),"128GB, Black, ROW, iPhone 16 Plus, Logic Board Assy Mid System") -> 128GB, Black, ROW, iPhone 16 Plus, Logic Board Assy Mid System | I27: =IFERROR(__xludf.DUMMYFUNCTION("""COMPUTED_VALUE"""),5.0) -> 5 | O27: =IFERROR(__xludf.DUMMYFUNCTION("QUERY('Systems&BackGlass'!A3:E1000, ""SELECT D, E, COUNT(D) WHERE lower(E) CONTAINS 'mid sys' "" & IF(O2=""All"", """", ""AND lower(A) = '"" & LOWER(TRIM(O2)) & ""' "") & ""GROUP BY D, E ORDER BY COUNT(D) DESC LABEL COUNT(D) ''"", 0"&")"),"PP661-28868") -> PP661-28868 | P27: =IFERROR(__xludf.DUMMYFUNCTION("""COMPUTED_VALUE"""),"iPhone 14, Midnight, 128GB, Logic Board Assy Mid System, ROW") -> iPhone 14, Midnight, 128GB, Logic Board Assy Mid System, ROW | Q27: =IFERROR(__xludf.DUMMYFUNCTION("""COMPUTED_VALUE"""),39.0) -> 39 | Y27: =IFERROR(__xludf.DUMMYFUNCTION("IFERROR(LET( part_nos, 'Systems&BackGlass'!D3:D1000, desc_col, 'Systems&BackGlass'!E3:E1000, month_col, 'Systems&BackGlass'!A3:A1000, pairs, UNIQUE(FILTER(HSTACK(part_nos, desc_col), part_nos<>"""", ISNUMBER(SEARCH(""Back Glass"", desc_col)))),"&" counts, BYROW(pairs, LAMBDA(r, COUNTIFS(part_nos, INDEX(r,,1), desc_col, INDEX(r,,2), month_col, IF($Y$2=""All"", ""*"", $Y$2)))), final_table, HSTACK(pairs, counts), SORT(FILTER(final_table, INDEX(final_table,,3) > 0), 3, FALSE) ), ""No data fo"&"und"")"),"#REF!") -> #REF!
A28: =TEXT(B28:B1025,"MMMM") -> January | B28: =IFERROR(__xludf.DUMMYFUNCTION("""COMPUTED_VALUE"""),46026.0) -> 46026 | C28: =IFERROR(__xludf.DUMMYFUNCTION("""COMPUTED_VALUE"""),"MOBILECARE - DAVAO") -> MOBILECARE - DAVAO | D28: =IFERROR(__xludf.DUMMYFUNCTION("""COMPUTED_VALUE"""),"PP661-23454") -> PP661-23454 | E28: =IFERROR(__xludf.DUMMYFUNCTION("""COMPUTED_VALUE"""),"iPhone 13, Midnight, 128GB, Logic Board Assy Rear System, ROW") -> iPhone 13, Midnight, 128GB, Logic Board Assy Rear System, ROW | G28: =IFERROR(__xludf.DUMMYFUNCTION("""COMPUTED_VALUE"""),"TA661-45001") -> TA661-45001 | H28: =IFERROR(__xludf.DUMMYFUNCTION("""COMPUTED_VALUE"""),"256GB, Desert Titanium, ROW, iPhone 16 Pro, Logic Board Assy Mid System") -> 256GB, Desert Titanium, ROW, iPhone 16 Pro, Logic Board Assy Mid System | I28: =IFERROR(__xludf.DUMMYFUNCTION("""COMPUTED_VALUE"""),4.0) -> 4 | O28: =IFERROR(__xludf.DUMMYFUNCTION("""COMPUTED_VALUE"""),"TA661-36694") -> TA661-36694 | P28: =IFERROR(__xludf.DUMMYFUNCTION("""COMPUTED_VALUE"""),"iPhone 15, Blue, 128GB, Logic Board Assy Mid System, ROW") -> iPhone 15, Blue, 128GB, Logic Board Assy Mid System, ROW | Q28: =IFERROR(__xludf.DUMMYFUNCTION("""COMPUTED_VALUE"""),35.0) -> 35
A29: =TEXT(B29:B1026,"MMMM") -> January | B29: =IFERROR(__xludf.DUMMYFUNCTION("""COMPUTED_VALUE"""),46040.0) -> 46040 | C29: =IFERROR(__xludf.DUMMYFUNCTION("""COMPUTED_VALUE"""),"MOBILECARE - DAVAO") -> MOBILECARE - DAVAO | D29: =IFERROR(__xludf.DUMMYFUNCTION("""COMPUTED_VALUE"""),"PP661-28879") -> PP661-28879 | E29: =IFERROR(__xludf.DUMMYFUNCTION("""COMPUTED_VALUE"""),"iPhone 14, Starlight, 512GB, Logic Board Assy Mid System, ROW") -> iPhone 14, Starlight, 512GB, Logic Board Assy Mid System, ROW | G29: =IFERROR(__xludf.DUMMYFUNCTION("""COMPUTED_VALUE"""),"TA661-43611") -> TA661-43611 | H29: =IFERROR(__xludf.DUMMYFUNCTION("""COMPUTED_VALUE"""),"256GB, White, ROW, iPhone 16, Logic Board Assy Mid System") -> 256GB, White, ROW, iPhone 16, Logic Board Assy Mid System | I29: =IFERROR(__xludf.DUMMYFUNCTION("""COMPUTED_VALUE"""),4.0) -> 4 | O29: =IFERROR(__xludf.DUMMYFUNCTION("""COMPUTED_VALUE"""),"PP661-28869") -> PP661-28869 | P29: =IFERROR(__xludf.DUMMYFUNCTION("""COMPUTED_VALUE"""),"iPhone 14, Starlight, 128GB, Logic Board Assy Mid System, ROW") -> iPhone 14, Starlight, 128GB, Logic Board Assy Mid System, ROW | Q29: =IFERROR(__xludf.DUMMYFUNCTION("""COMPUTED_VALUE"""),27.0) -> 27
A30: =TEXT(B30:B1027,"MMMM") -> January | B30: =IFERROR(__xludf.DUMMYFUNCTION("""COMPUTED_VALUE"""),46033.0) -> 46033 | C30: =IFERROR(__xludf.DUMMYFUNCTION("""COMPUTED_VALUE"""),"MOBILECARE - DAVAO") -> MOBILECARE - DAVAO | D30: =IFERROR(__xludf.DUMMYFUNCTION("""COMPUTED_VALUE"""),"TA661-45001") -> TA661-45001 | E30: =IFERROR(__xludf.DUMMYFUNCTION("""COMPUTED_VALUE"""),"256GB, Desert Titanium, ROW, iPhone 16 Pro, Logic Board Assy Mid System") -> 256GB, Desert Titanium, ROW, iPhone 16 Pro, Logic Board Assy Mid System | G30: =IFERROR(__xludf.DUMMYFUNCTION("""COMPUTED_VALUE"""),"PP661-28874") -> PP661-28874 | H30: =IFERROR(__xludf.DUMMYFUNCTION("""COMPUTED_VALUE"""),"iPhone 14, Starlight, 256GB, Logic Board Assy Mid System, ROW") -> iPhone 14, Starlight, 256GB, Logic Board Assy Mid System, ROW | I30: =IFERROR(__xludf.DUMMYFUNCTION("""COMPUTED_VALUE"""),4.0) -> 4 | O30: =IFERROR(__xludf.DUMMYFUNCTION("""COMPUTED_VALUE"""),"TA661-36691") -> TA661-36691 | P30: =IFERROR(__xludf.DUMMYFUNCTION("""COMPUTED_VALUE"""),"iPhone 15, Black, 128GB, Logic Board Assy Mid System, ROW") -> iPhone 15, Black, 128GB, Logic Board Assy Mid System, ROW | Q30: =IFERROR(__xludf.DUMMYFUNCTION("""COMPUTED_VALUE"""),23.0) -> 23 | T30: Part Number | U30: Part Description | V30: Quantity
A31: =TEXT(B31:B1028,"MMMM") -> January | B31: =IFERROR(__xludf.DUMMYFUNCTION("""COMPUTED_VALUE"""),46033.0) -> 46033 | C31: =IFERROR(__xludf.DUMMYFUNCTION("""COMPUTED_VALUE"""),"MOBILECARE - DAVAO") -> MOBILECARE - DAVAO | D31: =IFERROR(__xludf.DUMMYFUNCTION("""COMPUTED_VALUE"""),"PP661-28868") -> PP661-28868 | E31: =IFERROR(__xludf.DUMMYFUNCTION("""COMPUTED_VALUE"""),"iPhone 14, Midnight, 128GB, Logic Board Assy Mid System, ROW") -> iPhone 14, Midnight, 128GB, Logic Board Assy Mid System, ROW | G31: =IFERROR(__xludf.DUMMYFUNCTION("""COMPUTED_VALUE"""),"TA661-45000") -> TA661-45000 | H31: =IFERROR(__xludf.DUMMYFUNCTION("""COMPUTED_VALUE"""),"256GB, White Titanium, ROW, iPhone 16 Pro, Logic Board Assy Mid System") -> 256GB, White Titanium, ROW, iPhone 16 Pro, Logic Board Assy Mid System | I31: =IFERROR(__xludf.DUMMYFUNCTION("""COMPUTED_VALUE"""),4.0) -> 4 | O31: =IFERROR(__xludf.DUMMYFUNCTION("""COMPUTED_VALUE"""),"PP661-28871") -> PP661-28871 | P31: =IFERROR(__xludf.DUMMYFUNCTION("""COMPUTED_VALUE"""),"iPhone 14, Blue, 128GB, Logic Board Assy Mid System, ROW") -> iPhone 14, Blue, 128GB, Logic Board Assy Mid System, ROW | Q31: =IFERROR(__xludf.DUMMYFUNCTION("""COMPUTED_VALUE"""),17.0) -> 17 | T31: =IFERROR(__xludf.DUMMYFUNCTION("QUERY('Systems&BackGlass'!A3:E1000, ""SELECT D, E, COUNT(D) WHERE lower(E) CONTAINS 'rear system' "" & IF(T2=""All"", """", ""AND lower(A) = '"" & LOWER(TRIM(T2)) & ""' "") & ""GROUP BY D, E ORDER BY COUNT(D) DESC LABEL COUNT(D) ''"""&", 0)"),"PP661-23455") -> PP661-23455 | U31: =IFERROR(__xludf.DUMMYFUNCTION("""COMPUTED_VALUE"""),"iPhone 13, Starlight, 128GB, Logic Board Assy Rear System, ROW") -> iPhone 13, Starlight, 128GB, Logic Board Assy Rear System, ROW | V31: =IFERROR(__xludf.DUMMYFUNCTION("""COMPUTED_VALUE"""),212.0) -> 212
A32: =TEXT(B32:B1029,"MMMM") -> January | B32: =IFERROR(__xludf.DUMMYFUNCTION("""COMPUTED_VALUE"""),46034.0) -> 46034 | C32: =IFERROR(__xludf.DUMMYFUNCTION("""COMPUTED_VALUE"""),"MOBILECARE - DAVAO") -> MOBILECARE - DAVAO | D32: =IFERROR(__xludf.DUMMYFUNCTION("""COMPUTED_VALUE"""),"PP661-23455") -> PP661-23455 | E32: =IFERROR(__xludf.DUMMYFUNCTION("""COMPUTED_VALUE"""),"iPhone 13, Starlight, 128GB, Logic Board Assy Rear System, ROW") -> iPhone 13, Starlight, 128GB, Logic Board Assy Rear System, ROW | G32: =IFERROR(__xludf.DUMMYFUNCTION("""COMPUTED_VALUE"""),"PP661-23460") -> PP661-23460 | H32: =IFERROR(__xludf.DUMMYFUNCTION("""COMPUTED_VALUE"""),"iPhone 13, Starlight, 256GB, Logic Board Assy Rear System, ROW") -> iPhone 13, Starlight, 256GB, Logic Board Assy Rear System, ROW | I32: =IFERROR(__xludf.DUMMYFUNCTION("""COMPUTED_VALUE"""),4.0) -> 4 | O32: =IFERROR(__xludf.DUMMYFUNCTION("""COMPUTED_VALUE"""),"TA661-36692") -> TA661-36692 | P32: =IFERROR(__xludf.DUMMYFUNCTION("""COMPUTED_VALUE"""),"iPhone 15, Pink, 128GB, Logic Board Assy Mid System, ROW") -> iPhone 15, Pink, 128GB, Logic Board Assy Mid System, ROW | Q32: =IFERROR(__xludf.DUMMYFUNCTION("""COMPUTED_VALUE"""),12.0) -> 12 | T32: =IFERROR(__xludf.DUMMYFUNCTION("""COMPUTED_VALUE"""),"PP661-23454") -> PP661-23454 | U32: =IFERROR(__xludf.DUMMYFUNCTION("""COMPUTED_VALUE"""),"iPhone 13, Midnight, 128GB, Logic Board Assy Rear System, ROW") -> iPhone 13, Midnight, 128GB, Logic Board Assy Rear System, ROW | V32: =IFERROR(__xludf.DUMMYFUNCTION("""COMPUTED_VALUE"""),149.0) -> 149
A33: =TEXT(B33:B1030,"MMMM") -> January | B33: =IFERROR(__xludf.DUMMYFUNCTION("""COMPUTED_VALUE"""),46037.0) -> 46037 | C33: =IFERROR(__xludf.DUMMYFUNCTION("""COMPUTED_VALUE"""),"MOBILECARE - DAVAO") -> MOBILECARE - DAVAO | D33: =IFERROR(__xludf.DUMMYFUNCTION("""COMPUTED_VALUE"""),"PP661-23455") -> PP661-23455 | E33: =IFERROR(__xludf.DUMMYFUNCTION("""COMPUTED_VALUE"""),"iPhone 13, Starlight, 128GB, Logic Board Assy Rear System, ROW") -> iPhone 13, Starlight, 128GB, Logic Board Assy Rear System, ROW | G33: =IFERROR(__xludf.DUMMYFUNCTION("""COMPUTED_VALUE"""),"661-44961") -> 661-44961 | H33: =IFERROR(__xludf.DUMMYFUNCTION("""COMPUTED_VALUE"""),"Natural Titanium, Back Glass, iPhone 16 Pro Max") -> Natural Titanium, Back Glass, iPhone 16 Pro Max | I33: =IFERROR(__xludf.DUMMYFUNCTION("""COMPUTED_VALUE"""),4.0) -> 4 | O33: =IFERROR(__xludf.DUMMYFUNCTION("""COMPUTED_VALUE"""),"TA661-43606") -> TA661-43606 | P33: =IFERROR(__xludf.DUMMYFUNCTION("""COMPUTED_VALUE"""),"128GB, White, ROW, iPhone 16, Logic Board Assy Mid System") -> 128GB, White, ROW, iPhone 16, Logic Board Assy Mid System | Q33: =IFERROR(__xludf.DUMMYFUNCTION("""COMPUTED_VALUE"""),12.0) -> 12 | T33: =IFERROR(__xludf.DUMMYFUNCTION("""COMPUTED_VALUE"""),"PP661-23460") -> PP661-23460 | U33: =IFERROR(__xludf.DUMMYFUNCTION("""COMPUTED_VALUE"""),"iPhone 13, Starlight, 256GB, Logic Board Assy Rear System, ROW") -> iPhone 13, Starlight, 256GB, Logic Board Assy Rear System, ROW | V33: =IFERROR(__xludf.DUMMYFUNCTION("""COMPUTED_VALUE"""),4.0) -> 4
A34: =TEXT(B34:B1031,"MMMM") -> January | B34: =IFERROR(__xludf.DUMMYFUNCTION("""COMPUTED_VALUE"""),46032.0) -> 46032 | C34: =IFERROR(__xludf.DUMMYFUNCTION("""COMPUTED_VALUE"""),"MOBILECARE - DAVAO") -> MOBILECARE - DAVAO | D34: =IFERROR(__xludf.DUMMYFUNCTION("""COMPUTED_VALUE"""),"PP661-23455") -> PP661-23455 | E34: =IFERROR(__xludf.DUMMYFUNCTION("""COMPUTED_VALUE"""),"iPhone 13, Starlight, 128GB, Logic Board Assy Rear System, ROW") -> iPhone 13, Starlight, 128GB, Logic Board Assy Rear System, ROW | G34: =IFERROR(__xludf.DUMMYFUNCTION("""COMPUTED_VALUE"""),"TA661-36693") -> TA661-36693 | H34: =IFERROR(__xludf.DUMMYFUNCTION("""COMPUTED_VALUE"""),"iPhone 15, Yellow, 128GB, Logic Board Assy Mid System, ROW") -> iPhone 15, Yellow, 128GB, Logic Board Assy Mid System, ROW | I34: =IFERROR(__xludf.DUMMYFUNCTION("""COMPUTED_VALUE"""),3.0) -> 3 | O34: =IFERROR(__xludf.DUMMYFUNCTION("""COMPUTED_VALUE"""),"TA661-43605") -> TA661-43605 | P34: =IFERROR(__xludf.DUMMYFUNCTION("""COMPUTED_VALUE"""),"128GB, Black, ROW, iPhone 16, Logic Board Assy Mid System") -> 128GB, Black, ROW, iPhone 16, Logic Board Assy Mid System | Q34: =IFERROR(__xludf.DUMMYFUNCTION("""COMPUTED_VALUE"""),11.0) -> 11 | T34: =IFERROR(__xludf.DUMMYFUNCTION("""COMPUTED_VALUE"""),"PP661-23461") -> PP661-23461 | U34: =IFERROR(__xludf.DUMMYFUNCTION("""COMPUTED_VALUE"""),"iPhone 13, Pink, 256GB, Logic Board Assy Rear System, ROW") -> iPhone 13, Pink, 256GB, Logic Board Assy Rear System, ROW | V34: =IFERROR(__xludf.DUMMYFUNCTION("""COMPUTED_VALUE"""),2.0) -> 2
A35: =TEXT(B35:B1032,"MMMM") -> January | B35: =IFERROR(__xludf.DUMMYFUNCTION("""COMPUTED_VALUE"""),46031.0) -> 46031 | C35: =IFERROR(__xludf.DUMMYFUNCTION("""COMPUTED_VALUE"""),"MOBILECARE - DAVAO") -> MOBILECARE - DAVAO | D35: =IFERROR(__xludf.DUMMYFUNCTION("""COMPUTED_VALUE"""),"PP661-23454") -> PP661-23454 | E35: =IFERROR(__xludf.DUMMYFUNCTION("""COMPUTED_VALUE"""),"iPhone 13, Midnight, 128GB, Logic Board Assy Rear System, ROW") -> iPhone 13, Midnight, 128GB, Logic Board Assy Rear System, ROW | G35: =IFERROR(__xludf.DUMMYFUNCTION("""COMPUTED_VALUE"""),"TA661-45235") -> TA661-45235 | H35: =IFERROR(__xludf.DUMMYFUNCTION("""COMPUTED_VALUE"""),"128GB, Teal, ROW, iPhone 16 Plus, Logic Board Assy Mid System") -> 128GB, Teal, ROW, iPhone 16 Plus, Logic Board Assy Mid System | I35: =IFERROR(__xludf.DUMMYFUNCTION("""COMPUTED_VALUE"""),3.0) -> 3 | O35: =IFERROR(__xludf.DUMMYFUNCTION("""COMPUTED_VALUE"""),"TA661-36696") -> TA661-36696 | P35: =IFERROR(__xludf.DUMMYFUNCTION("""COMPUTED_VALUE"""),"iPhone 15, Black, 256GB, Logic Board Assy Mid System, ROW") -> iPhone 15, Black, 256GB, Logic Board Assy Mid System, ROW | Q35: =IFERROR(__xludf.DUMMYFUNCTION("""COMPUTED_VALUE"""),9.0) -> 9 | T35: =IFERROR(__xludf.DUMMYFUNCTION("""COMPUTED_VALUE"""),"PP661-23467") -> PP661-23467 | U35: =IFERROR(__xludf.DUMMYFUNCTION("""COMPUTED_VALUE"""),"iPhone 13, Red, 512GB, Logic Board Assy Rear System, ROW") -> iPhone 13, Red, 512GB, Logic Board Assy Rear System, ROW | V35: =IFERROR(__xludf.DUMMYFUNCTION("""COMPUTED_VALUE"""),1.0) -> 1
A36: =TEXT(B36:B1033,"MMMM") -> January | B36: =IFERROR(__xludf.DUMMYFUNCTION("""COMPUTED_VALUE"""),46033.0) -> 46033 | C36: =IFERROR(__xludf.DUMMYFUNCTION("""COMPUTED_VALUE"""),"MOBILECARE - DAVAO") -> MOBILECARE - DAVAO | D36: =IFERROR(__xludf.DUMMYFUNCTION("""COMPUTED_VALUE"""),"PP661-23455") -> PP661-23455 | E36: =IFERROR(__xludf.DUMMYFUNCTION("""COMPUTED_VALUE"""),"iPhone 13, Starlight, 128GB, Logic Board Assy Rear System, ROW") -> iPhone 13, Starlight, 128GB, Logic Board Assy Rear System, ROW | G36: =IFERROR(__xludf.DUMMYFUNCTION("""COMPUTED_VALUE"""),"TA661-45233") -> TA661-45233 | H36: =IFERROR(__xludf.DUMMYFUNCTION("""COMPUTED_VALUE"""),"128GB, Pink, ROW, iPhone 16 Plus, Logic Board Assy Mid System") -> 128GB, Pink, ROW, iPhone 16 Plus, Logic Board Assy Mid System | I36: =IFERROR(__xludf.DUMMYFUNCTION("""COMPUTED_VALUE"""),3.0) -> 3 | O36: =IFERROR(__xludf.DUMMYFUNCTION("""COMPUTED_VALUE"""),"TA661-36697") -> TA661-36697 | P36: =IFERROR(__xludf.DUMMYFUNCTION("""COMPUTED_VALUE"""),"iPhone 15, Pink, 256GB, Logic Board Assy Mid System, ROW") -> iPhone 15, Pink, 256GB, Logic Board Assy Mid System, ROW | Q36: =IFERROR(__xludf.DUMMYFUNCTION("""COMPUTED_VALUE"""),9.0) -> 9
A37: =TEXT(B37:B1034,"MMMM") -> January | B37: =IFERROR(__xludf.DUMMYFUNCTION("""COMPUTED_VALUE"""),46025.0) -> 46025 | C37: =IFERROR(__xludf.DUMMYFUNCTION("""COMPUTED_VALUE"""),"MOBILECARE - DAVAO") -> MOBILECARE - DAVAO | D37: =IFERROR(__xludf.DUMMYFUNCTION("""COMPUTED_VALUE"""),"TA661-43608") -> TA661-43608 | E37: =IFERROR(__xludf.DUMMYFUNCTION("""COMPUTED_VALUE"""),"128GB, Ultramarine, ROW, iPhone 16, Logic Board Assy Mid System") -> 128GB, Ultramarine, ROW, iPhone 16, Logic Board Assy Mid System | G37: =IFERROR(__xludf.DUMMYFUNCTION("""COMPUTED_VALUE"""),"TA661-45002") -> TA661-45002 | H37: =IFERROR(__xludf.DUMMYFUNCTION("""COMPUTED_VALUE"""),"256GB, Natural Titanium, ROW, iPhone 16 Pro, Logic Board Assy Mid System") -> 256GB, Natural Titanium, ROW, iPhone 16 Pro, Logic Board Assy Mid System | I37: =IFERROR(__xludf.DUMMYFUNCTION("""COMPUTED_VALUE"""),3.0) -> 3 | O37: =IFERROR(__xludf.DUMMYFUNCTION("""COMPUTED_VALUE"""),"TA661-43609") -> TA661-43609 | P37: =IFERROR(__xludf.DUMMYFUNCTION("""COMPUTED_VALUE"""),"128GB, Teal, ROW, iPhone 16, Logic Board Assy Mid System") -> 128GB, Teal, ROW, iPhone 16, Logic Board Assy Mid System | Q37: =IFERROR(__xludf.DUMMYFUNCTION("""COMPUTED_VALUE"""),8.0) -> 8
A38: =TEXT(B38:B1035,"MMMM") -> January | B38: =IFERROR(__xludf.DUMMYFUNCTION("""COMPUTED_VALUE"""),46026.0) -> 46026 | C38: =IFERROR(__xludf.DUMMYFUNCTION("""COMPUTED_VALUE"""),"MOBILECARE - DAVAO") -> MOBILECARE - DAVAO | D38: =IFERROR(__xludf.DUMMYFUNCTION("""COMPUTED_VALUE"""),"PP661-28871") -> PP661-28871 | E38: =IFERROR(__xludf.DUMMYFUNCTION("""COMPUTED_VALUE"""),"iPhone 14, Blue, 128GB, Logic Board Assy Mid System, ROW") -> iPhone 14, Blue, 128GB, Logic Board Assy Mid System, ROW | G38: =IFERROR(__xludf.DUMMYFUNCTION("""COMPUTED_VALUE"""),"TA661-43612") -> TA661-43612 | H38: =IFERROR(__xludf.DUMMYFUNCTION("""COMPUTED_VALUE"""),"256GB, Pink, ROW, iPhone 16, Logic Board Assy Mid System") -> 256GB, Pink, ROW, iPhone 16, Logic Board Assy Mid System | I38: =IFERROR(__xludf.DUMMYFUNCTION("""COMPUTED_VALUE"""),3.0) -> 3 | O38: =IFERROR(__xludf.DUMMYFUNCTION("""COMPUTED_VALUE"""),"TA661-45232") -> TA661-45232 | P38: =IFERROR(__xludf.DUMMYFUNCTION("""COMPUTED_VALUE"""),"128GB, White, ROW, iPhone 16 Plus, Logic Board Assy Mid System") -> 128GB, White, ROW, iPhone 16 Plus, Logic Board Assy Mid System | Q38: =IFERROR(__xludf.DUMMYFUNCTION("""COMPUTED_VALUE"""),8.0) -> 8
A39: =TEXT(B39:B1036,"MMMM") -> January | B39: =IFERROR(__xludf.DUMMYFUNCTION("""COMPUTED_VALUE"""),46028.0) -> 46028 | C39: =IFERROR(__xludf.DUMMYFUNCTION("""COMPUTED_VALUE"""),"MOBILECARE - DAVAO") -> MOBILECARE - DAVAO | D39: =IFERROR(__xludf.DUMMYFUNCTION("""COMPUTED_VALUE"""),"TA661-36694") -> TA661-36694 | E39: =IFERROR(__xludf.DUMMYFUNCTION("""COMPUTED_VALUE"""),"iPhone 15, Blue, 128GB, Logic Board Assy Mid System, ROW") -> iPhone 15, Blue, 128GB, Logic Board Assy Mid System, ROW | G39: =IFERROR(__xludf.DUMMYFUNCTION("""COMPUTED_VALUE"""),"661-36838") -> 661-36838 | H39: =IFERROR(__xludf.DUMMYFUNCTION("""COMPUTED_VALUE"""),"Black, Back Glass, iPhone 15") -> Black, Back Glass, iPhone 15 | I39: =IFERROR(__xludf.DUMMYFUNCTION("""COMPUTED_VALUE"""),3.0) -> 3 | O39: =IFERROR(__xludf.DUMMYFUNCTION("""COMPUTED_VALUE"""),"TA661-36695") -> TA661-36695 | P39: =IFERROR(__xludf.DUMMYFUNCTION("""COMPUTED_VALUE"""),"iPhone 15, Green, 128GB, Logic Board Assy Mid System, ROW") -> iPhone 15, Green, 128GB, Logic Board Assy Mid System, ROW | Q39: =IFERROR(__xludf.DUMMYFUNCTION("""COMPUTED_VALUE"""),6.0) -> 6
A40: =TEXT(B40:B1037,"MMMM") -> January | B40: =IFERROR(__xludf.DUMMYFUNCTION("""COMPUTED_VALUE"""),46053.0) -> 46053 | C40: =IFERROR(__xludf.DUMMYFUNCTION("""COMPUTED_VALUE"""),"MOBILECARE - DAVAO") -> MOBILECARE - DAVAO | D40: =IFERROR(__xludf.DUMMYFUNCTION("""COMPUTED_VALUE"""),"PP661-23454") -> PP661-23454 | E40: =IFERROR(__xludf.DUMMYFUNCTION("""COMPUTED_VALUE"""),"iPhone 13, Midnight, 128GB, Logic Board Assy Rear System, ROW") -> iPhone 13, Midnight, 128GB, Logic Board Assy Rear System, ROW | G40: =IFERROR(__xludf.DUMMYFUNCTION("""COMPUTED_VALUE"""),"TA661-45238") -> TA661-45238 | H40: =IFERROR(__xludf.DUMMYFUNCTION("""COMPUTED_VALUE"""),"256GB, Pink, ROW, iPhone 16 Plus, Logic Board Assy Mid System") -> 256GB, Pink, ROW, iPhone 16 Plus, Logic Board Assy Mid System | I40: =IFERROR(__xludf.DUMMYFUNCTION("""COMPUTED_VALUE"""),3.0) -> 3 | O40: =IFERROR(__xludf.DUMMYFUNCTION("""COMPUTED_VALUE"""),"TA661-43607") -> TA661-43607 | P40: =IFERROR(__xludf.DUMMYFUNCTION("""COMPUTED_VALUE"""),"128GB, Pink, ROW, iPhone 16, Logic Board Assy Mid System") -> 128GB, Pink, ROW, iPhone 16, Logic Board Assy Mid System | Q40: =IFERROR(__xludf.DUMMYFUNCTION("""COMPUTED_VALUE"""),6.0) -> 6
A41: =TEXT(B41:B1038,"MMMM") -> January | B41: =IFERROR(__xludf.DUMMYFUNCTION("""COMPUTED_VALUE"""),46053.0) -> 46053 | C41: =IFERROR(__xludf.DUMMYFUNCTION("""COMPUTED_VALUE"""),"MOBILECARE - DAVAO") -> MOBILECARE - DAVAO | D41: =IFERROR(__xludf.DUMMYFUNCTION("""COMPUTED_VALUE"""),"PP661-23454") -> PP661-23454 | E41: =IFERROR(__xludf.DUMMYFUNCTION("""COMPUTED_VALUE"""),"iPhone 13, Midnight, 128GB, Logic Board Assy Rear System, ROW") -> iPhone 13, Midnight, 128GB, Logic Board Assy Rear System, ROW | G41: =IFERROR(__xludf.DUMMYFUNCTION("""COMPUTED_VALUE"""),"661-30383") -> 661-30383 | H41: =IFERROR(__xludf.DUMMYFUNCTION("""COMPUTED_VALUE"""),"Midnight, Back Glass, iPhone 14 Plus") -> Midnight, Back Glass, iPhone 14 Plus | I41: =IFERROR(__xludf.DUMMYFUNCTION("""COMPUTED_VALUE"""),3.0) -> 3 | O41: =IFERROR(__xludf.DUMMYFUNCTION("""COMPUTED_VALUE"""),"TA661-43608") -> TA661-43608 | P41: =IFERROR(__xludf.DUMMYFUNCTION("""COMPUTED_VALUE"""),"128GB, Ultramarine, ROW, iPhone 16, Logic Board Assy Mid System") -> 128GB, Ultramarine, ROW, iPhone 16, Logic Board Assy Mid System | Q41: =IFERROR(__xludf.DUMMYFUNCTION("""COMPUTED_VALUE"""),6.0) -> 6
A42: =TEXT(B42:B1039,"MMMM") -> January | B42: =IFERROR(__xludf.DUMMYFUNCTION("""COMPUTED_VALUE"""),46025.0) -> 46025 | C42: =IFERROR(__xludf.DUMMYFUNCTION("""COMPUTED_VALUE"""),"MOBILECARE - DAVAO") -> MOBILECARE - DAVAO | D42: =IFERROR(__xludf.DUMMYFUNCTION("""COMPUTED_VALUE"""),"TA661-45232") -> TA661-45232 | E42: =IFERROR(__xludf.DUMMYFUNCTION("""COMPUTED_VALUE"""),"128GB, White, ROW, iPhone 16 Plus, Logic Board Assy Mid System") -> 128GB, White, ROW, iPhone 16 Plus, Logic Board Assy Mid System | G42: =IFERROR(__xludf.DUMMYFUNCTION("""COMPUTED_VALUE"""),"TA661-43610") -> TA661-43610 | H42: =IFERROR(__xludf.DUMMYFUNCTION("""COMPUTED_VALUE"""),"256GB, Black, ROW, iPhone 16, Logic Board Assy Mid System") -> 256GB, Black, ROW, iPhone 16, Logic Board Assy Mid System | I42: =IFERROR(__xludf.DUMMYFUNCTION("""COMPUTED_VALUE"""),2.0) -> 2 | O42: =IFERROR(__xludf.DUMMYFUNCTION("""COMPUTED_VALUE"""),"TA661-44995") -> TA661-44995 | P42: =IFERROR(__xludf.DUMMYFUNCTION("""COMPUTED_VALUE"""),"128GB, Black Titanium, ROW, iPhone 16 Pro, Logic Board Assy Mid System") -> 128GB, Black Titanium, ROW, iPhone 16 Pro, Logic Board Assy Mid System | Q42: =IFERROR(__xludf.DUMMYFUNCTION("""COMPUTED_VALUE"""),6.0) -> 6
A43: =TEXT(B43:B1040,"MMMM") -> January | B43: =IFERROR(__xludf.DUMMYFUNCTION("""COMPUTED_VALUE"""),46025.0) -> 46025 | C43: =IFERROR(__xludf.DUMMYFUNCTION("""COMPUTED_VALUE"""),"MOBILECARE - DAVAO") -> MOBILECARE - DAVAO | D43: =IFERROR(__xludf.DUMMYFUNCTION("""COMPUTED_VALUE"""),"TA661-45232") -> TA661-45232 | E43: =IFERROR(__xludf.DUMMYFUNCTION("""COMPUTED_VALUE"""),"128GB, White, ROW, iPhone 16 Plus, Logic Board Assy Mid System") -> 128GB, White, ROW, iPhone 16 Plus, Logic Board Assy Mid System | G43: =IFERROR(__xludf.DUMMYFUNCTION("""COMPUTED_VALUE"""),"PP661-28879") -> PP661-28879 | H43: =IFERROR(__xludf.DUMMYFUNCTION("""COMPUTED_VALUE"""),"iPhone 14, Starlight, 512GB, Logic Board Assy Mid System, ROW") -> iPhone 14, Starlight, 512GB, Logic Board Assy Mid System, ROW | I43: =IFERROR(__xludf.DUMMYFUNCTION("""COMPUTED_VALUE"""),2.0) -> 2 | O43: =IFERROR(__xludf.DUMMYFUNCTION("""COMPUTED_VALUE"""),"TA661-44997") -> TA661-44997 | P43: =IFERROR(__xludf.DUMMYFUNCTION("""COMPUTED_VALUE"""),"128GB, Desert Titanium, ROW, iPhone 16 Pro, Logic Board Assy Mid System") -> 128GB, Desert Titanium, ROW, iPhone 16 Pro, Logic Board Assy Mid System | Q43: =IFERROR(__xludf.DUMMYFUNCTION("""COMPUTED_VALUE"""),6.0) -> 6
A44: =TEXT(B44:B1041,"MMMM") -> January | B44: =IFERROR(__xludf.DUMMYFUNCTION("""COMPUTED_VALUE"""),46030.0) -> 46030 | C44: =IFERROR(__xludf.DUMMYFUNCTION("""COMPUTED_VALUE"""),"MOBILECARE - DAVAO") -> MOBILECARE - DAVAO | D44: =IFERROR(__xludf.DUMMYFUNCTION("""COMPUTED_VALUE"""),"PP661-23455") -> PP661-23455 | E44: =IFERROR(__xludf.DUMMYFUNCTION("""COMPUTED_VALUE"""),"iPhone 13, Starlight, 128GB, Logic Board Assy Rear System, ROW") -> iPhone 13, Starlight, 128GB, Logic Board Assy Rear System, ROW | G44: =IFERROR(__xludf.DUMMYFUNCTION("""COMPUTED_VALUE"""),"661-35702") -> 661-35702 | H44: =IFERROR(__xludf.DUMMYFUNCTION("""COMPUTED_VALUE"""),"Natural Titanium, Back Glass, iPhone 15 Pro") -> Natural Titanium, Back Glass, iPhone 15 Pro | I44: =IFERROR(__xludf.DUMMYFUNCTION("""COMPUTED_VALUE"""),2.0) -> 2 | O44: =IFERROR(__xludf.DUMMYFUNCTION("""COMPUTED_VALUE"""),"PP661-28873") -> PP661-28873 | P44: =IFERROR(__xludf.DUMMYFUNCTION("""COMPUTED_VALUE"""),"iPhone 14, Midnight, 256GB, Logic Board Assy Mid System, ROW") -> iPhone 14, Midnight, 256GB, Logic Board Assy Mid System, ROW | Q44: =IFERROR(__xludf.DUMMYFUNCTION("""COMPUTED_VALUE"""),5.0) -> 5
A45: =TEXT(B45:B1042,"MMMM") -> January | B45: =IFERROR(__xludf.DUMMYFUNCTION("""COMPUTED_VALUE"""),46030.0) -> 46030 | C45: =IFERROR(__xludf.DUMMYFUNCTION("""COMPUTED_VALUE"""),"MOBILECARE - DAVAO") -> MOBILECARE - DAVAO | D45: =IFERROR(__xludf.DUMMYFUNCTION("""COMPUTED_VALUE"""),"PP661-23455") -> PP661-23455 | E45: =IFERROR(__xludf.DUMMYFUNCTION("""COMPUTED_VALUE"""),"iPhone 13, Starlight, 128GB, Logic Board Assy Rear System, ROW") -> iPhone 13, Starlight, 128GB, Logic Board Assy Rear System, ROW | G45: =IFERROR(__xludf.DUMMYFUNCTION("""COMPUTED_VALUE"""),"661-42725") -> 661-42725 | H45: =IFERROR(__xludf.DUMMYFUNCTION("""COMPUTED_VALUE"""),"Natural Titanium, Back Glass, iPhone 16 Pro") -> Natural Titanium, Back Glass, iPhone 16 Pro | I45: =IFERROR(__xludf.DUMMYFUNCTION("""COMPUTED_VALUE"""),2.0) -> 2 | O45: =IFERROR(__xludf.DUMMYFUNCTION("""COMPUTED_VALUE"""),"TA661-44999") -> TA661-44999 | P45: =IFERROR(__xludf.DUMMYFUNCTION("""COMPUTED_VALUE"""),"256GB, Black Titanium, ROW, iPhone 16 Pro, Logic Board Assy Mid System") -> 256GB, Black Titanium, ROW, iPhone 16 Pro, Logic Board Assy Mid System | Q45: =IFERROR(__xludf.DUMMYFUNCTION("""COMPUTED_VALUE"""),5.0) -> 5
A46: =TEXT(B46:B1043,"MMMM") -> January | B46: =IFERROR(__xludf.DUMMYFUNCTION("""COMPUTED_VALUE"""),46029.0) -> 46029 | C46: =IFERROR(__xludf.DUMMYFUNCTION("""COMPUTED_VALUE"""),"MOBILECARE - DAVAO") -> MOBILECARE - DAVAO | D46: =IFERROR(__xludf.DUMMYFUNCTION("""COMPUTED_VALUE"""),"PP661-23455") -> PP661-23455 | E46: =IFERROR(__xludf.DUMMYFUNCTION("""COMPUTED_VALUE"""),"iPhone 13, Starlight, 128GB, Logic Board Assy Rear System, ROW") -> iPhone 13, Starlight, 128GB, Logic Board Assy Rear System, ROW | G46: =IFERROR(__xludf.DUMMYFUNCTION("""COMPUTED_VALUE"""),"661-35700") -> 661-35700 | H46: =IFERROR(__xludf.DUMMYFUNCTION("""COMPUTED_VALUE"""),"Black Titanium, Back Glass, iPhone 15 Pro") -> Black Titanium, Back Glass, iPhone 15 Pro | I46: =IFERROR(__xludf.DUMMYFUNCTION("""COMPUTED_VALUE"""),2.0) -> 2 | O46: =IFERROR(__xludf.DUMMYFUNCTION("""COMPUTED_VALUE"""),"TA661-45231") -> TA661-45231 | P46: =IFERROR(__xludf.DUMMYFUNCTION("""COMPUTED_VALUE"""),"128GB, Black, ROW, iPhone 16 Plus, Logic Board Assy Mid System") -> 128GB, Black, ROW, iPhone 16 Plus, Logic Board Assy Mid System | Q46: =IFERROR(__xludf.DUMMYFUNCTION("""COMPUTED_VALUE"""),5.0) -> 5
A47: =TEXT(B47:B1044,"MMMM") -> January | B47: =IFERROR(__xludf.DUMMYFUNCTION("""COMPUTED_VALUE"""),46029.0) -> 46029 | C47: =IFERROR(__xludf.DUMMYFUNCTION("""COMPUTED_VALUE"""),"MOBILECARE - DAVAO") -> MOBILECARE - DAVAO | D47: =IFERROR(__xludf.DUMMYFUNCTION("""COMPUTED_VALUE"""),"PP661-23455") -> PP661-23455 | E47: =IFERROR(__xludf.DUMMYFUNCTION("""COMPUTED_VALUE"""),"iPhone 13, Starlight, 128GB, Logic Board Assy Rear System, ROW") -> iPhone 13, Starlight, 128GB, Logic Board Assy Rear System, ROW | G47: =IFERROR(__xludf.DUMMYFUNCTION("""COMPUTED_VALUE"""),"661-42842") -> 661-42842 | H47: =IFERROR(__xludf.DUMMYFUNCTION("""COMPUTED_VALUE"""),"TealBack Glass, iPhone 16 Plus") -> TealBack Glass, iPhone 16 Plus | I47: =IFERROR(__xludf.DUMMYFUNCTION("""COMPUTED_VALUE"""),2.0) -> 2 | O47: =IFERROR(__xludf.DUMMYFUNCTION("""COMPUTED_VALUE"""),"TA661-45236") -> TA661-45236 | P47: =IFERROR(__xludf.DUMMYFUNCTION("""COMPUTED_VALUE"""),"256GB, Black, ROW, iPhone 16 Plus, Logic Board Assy Mid System") -> 256GB, Black, ROW, iPhone 16 Plus, Logic Board Assy Mid System | Q47: =IFERROR(__xludf.DUMMYFUNCTION("""COMPUTED_VALUE"""),5.0) -> 5
A48: =TEXT(B48:B1045,"MMMM") -> January | B48: =IFERROR(__xludf.DUMMYFUNCTION("""COMPUTED_VALUE"""),46025.0) -> 46025 | C48: =IFERROR(__xludf.DUMMYFUNCTION("""COMPUTED_VALUE"""),"MOBILECARE - DAVAO") -> MOBILECARE - DAVAO | D48: =IFERROR(__xludf.DUMMYFUNCTION("""COMPUTED_VALUE"""),"PP661-23455") -> PP661-23455 | E48: =IFERROR(__xludf.DUMMYFUNCTION("""COMPUTED_VALUE"""),"iPhone 13, Starlight, 128GB, Logic Board Assy Rear System, ROW") -> iPhone 13, Starlight, 128GB, Logic Board Assy Rear System, ROW | G48: =IFERROR(__xludf.DUMMYFUNCTION("""COMPUTED_VALUE"""),"661-56057") -> 661-56057 | H48: =IFERROR(__xludf.DUMMYFUNCTION("""COMPUTED_VALUE"""),"Black, Back Glass, iPhone 17") -> Black, Back Glass, iPhone 17 | I48: =IFERROR(__xludf.DUMMYFUNCTION("""COMPUTED_VALUE"""),2.0) -> 2 | O48: =IFERROR(__xludf.DUMMYFUNCTION("""COMPUTED_VALUE"""),"PP661-28874") -> PP661-28874 | P48: =IFERROR(__xludf.DUMMYFUNCTION("""COMPUTED_VALUE"""),"iPhone 14, Starlight, 256GB, Logic Board Assy Mid System, ROW") -> iPhone 14, Starlight, 256GB, Logic Board Assy Mid System, ROW | Q48: =IFERROR(__xludf.DUMMYFUNCTION("""COMPUTED_VALUE"""),4.0) -> 4
A49: =TEXT(B49:B1046,"MMMM") -> January | B49: =IFERROR(__xludf.DUMMYFUNCTION("""COMPUTED_VALUE"""),46025.0) -> 46025 | C49: =IFERROR(__xludf.DUMMYFUNCTION("""COMPUTED_VALUE"""),"MOBILECARE - DAVAO") -> MOBILECARE - DAVAO | D49: =IFERROR(__xludf.DUMMYFUNCTION("""COMPUTED_VALUE"""),"PP661-23455") -> PP661-23455 | E49: =IFERROR(__xludf.DUMMYFUNCTION("""COMPUTED_VALUE"""),"iPhone 13, Starlight, 128GB, Logic Board Assy Rear System, ROW") -> iPhone 13, Starlight, 128GB, Logic Board Assy Rear System, ROW | G49: =IFERROR(__xludf.DUMMYFUNCTION("""COMPUTED_VALUE"""),"TA661-44996") -> TA661-44996 | H49: =IFERROR(__xludf.DUMMYFUNCTION("""COMPUTED_VALUE"""),"128GB, White Titanium, ROW, iPhone 16 Pro, Logic Board Assy Mid System") -> 128GB, White Titanium, ROW, iPhone 16 Pro, Logic Board Assy Mid System | I49: =IFERROR(__xludf.DUMMYFUNCTION("""COMPUTED_VALUE"""),2.0) -> 2 | O49: =IFERROR(__xludf.DUMMYFUNCTION("""COMPUTED_VALUE"""),"TA661-43611") -> TA661-43611 | P49: =IFERROR(__xludf.DUMMYFUNCTION("""COMPUTED_VALUE"""),"256GB, White, ROW, iPhone 16, Logic Board Assy Mid System") -> 256GB, White, ROW, iPhone 16, Logic Board Assy Mid System | Q49: =IFERROR(__xludf.DUMMYFUNCTION("""COMPUTED_VALUE"""),4.0) -> 4
A50: =TEXT(B50:B1047,"MMMM") -> June | B50: =IFERROR(__xludf.DUMMYFUNCTION("""COMPUTED_VALUE"""),46185.0) -> 46185 | C50: =IFERROR(__xludf.DUMMYFUNCTION("""COMPUTED_VALUE"""),"MOBILECARE - NEWPOINT MALL") -> MOBILECARE - NEWPOINT MALL | D50: =IFERROR(__xludf.DUMMYFUNCTION("""COMPUTED_VALUE"""),"PP661-28869") -> PP661-28869 | E50: =IFERROR(__xludf.DUMMYFUNCTION("""COMPUTED_VALUE"""),"iPhone 14, Starlight, 128GB, Logic Board Assy Mid System, ROW") -> iPhone 14, Starlight, 128GB, Logic Board Assy Mid System, ROW | G50: =IFERROR(__xludf.DUMMYFUNCTION("""COMPUTED_VALUE"""),"TA661-49965") -> TA661-49965 | H50: =IFERROR(__xludf.DUMMYFUNCTION("""COMPUTED_VALUE"""),"White, 128GB, Logic Board Assy Mid System, iPhone 16e, ROW") -> White, 128GB, Logic Board Assy Mid System, iPhone 16e, ROW | I50: =IFERROR(__xludf.DUMMYFUNCTION("""COMPUTED_VALUE"""),2.0) -> 2 | O50: =IFERROR(__xludf.DUMMYFUNCTION("""COMPUTED_VALUE"""),"TA661-45000") -> TA661-45000 | P50: =IFERROR(__xludf.DUMMYFUNCTION("""COMPUTED_VALUE"""),"256GB, White Titanium, ROW, iPhone 16 Pro, Logic Board Assy Mid System") -> 256GB, White Titanium, ROW, iPhone 16 Pro, Logic Board Assy Mid System | Q50: =IFERROR(__xludf.DUMMYFUNCTION("""COMPUTED_VALUE"""),4.0) -> 4
A51: =TEXT(B51:B1048,"MMMM") -> April | B51: =IFERROR(__xludf.DUMMYFUNCTION("""COMPUTED_VALUE"""),46135.0) -> 46135 | C51: =IFERROR(__xludf.DUMMYFUNCTION("""COMPUTED_VALUE"""),"MOBILECARE - NEWPOINT MALL") -> MOBILECARE - NEWPOINT MALL | D51: =IFERROR(__xludf.DUMMYFUNCTION("""COMPUTED_VALUE"""),"TA661-43608") -> TA661-43608 | E51: =IFERROR(__xludf.DUMMYFUNCTION("""COMPUTED_VALUE"""),"128GB, Ultramarine, ROW, iPhone 16, Logic Board Assy Mid System") -> 128GB, Ultramarine, ROW, iPhone 16, Logic Board Assy Mid System | G51: =IFERROR(__xludf.DUMMYFUNCTION("""COMPUTED_VALUE"""),"TA661-49966") -> TA661-49966 | H51: =IFERROR(__xludf.DUMMYFUNCTION("""COMPUTED_VALUE"""),"Black, 256GB, Logic Board Assy Mid System, iPhone 16e, ROW") -> Black, 256GB, Logic Board Assy Mid System, iPhone 16e, ROW | I51: =IFERROR(__xludf.DUMMYFUNCTION("""COMPUTED_VALUE"""),2.0) -> 2 | O51: =IFERROR(__xludf.DUMMYFUNCTION("""COMPUTED_VALUE"""),"TA661-45001") -> TA661-45001 | P51: =IFERROR(__xludf.DUMMYFUNCTION("""COMPUTED_VALUE"""),"256GB, Desert Titanium, ROW, iPhone 16 Pro, Logic Board Assy Mid System") -> 256GB, Desert Titanium, ROW, iPhone 16 Pro, Logic Board Assy Mid System | Q51: =IFERROR(__xludf.DUMMYFUNCTION("""COMPUTED_VALUE"""),4.0) -> 4
A52: =TEXT(B52:B1049,"MMMM") -> February | B52: =IFERROR(__xludf.DUMMYFUNCTION("""COMPUTED_VALUE"""),46063.0) -> 46063 | C52: =IFERROR(__xludf.DUMMYFUNCTION("""COMPUTED_VALUE"""),"MOBILECARE - NEWPOINT MALL") -> MOBILECARE - NEWPOINT MALL | D52: =IFERROR(__xludf.DUMMYFUNCTION("""COMPUTED_VALUE"""),"TA661-43608") -> TA661-43608 | E52: =IFERROR(__xludf.DUMMYFUNCTION("""COMPUTED_VALUE"""),"128GB, Ultramarine, ROW, iPhone 16, Logic Board Assy Mid System") -> 128GB, Ultramarine, ROW, iPhone 16, Logic Board Assy Mid System | G52: =IFERROR(__xludf.DUMMYFUNCTION("""COMPUTED_VALUE"""),"661-42840") -> 661-42840 | H52: =IFERROR(__xludf.DUMMYFUNCTION("""COMPUTED_VALUE"""),"PinkBack Glass, iPhone 16 Plus") -> PinkBack Glass, iPhone 16 Plus | I52: =IFERROR(__xludf.DUMMYFUNCTION("""COMPUTED_VALUE"""),2.0) -> 2 | O52: =IFERROR(__xludf.DUMMYFUNCTION("""COMPUTED_VALUE"""),"TA661-36693") -> TA661-36693 | P52: =IFERROR(__xludf.DUMMYFUNCTION("""COMPUTED_VALUE"""),"iPhone 15, Yellow, 128GB, Logic Board Assy Mid System, ROW") -> iPhone 15, Yellow, 128GB, Logic Board Assy Mid System, ROW | Q52: =IFERROR(__xludf.DUMMYFUNCTION("""COMPUTED_VALUE"""),3.0) -> 3
A53: =TEXT(B53:B1050,"MMMM") -> February | B53: =IFERROR(__xludf.DUMMYFUNCTION("""COMPUTED_VALUE"""),46054.0) -> 46054 | C53: =IFERROR(__xludf.DUMMYFUNCTION("""COMPUTED_VALUE"""),"MOBILECARE - NEWPOINT MALL") -> MOBILECARE - NEWPOINT MALL | D53: =IFERROR(__xludf.DUMMYFUNCTION("""COMPUTED_VALUE"""),"PP661-23454") -> PP661-23454 | E53: =IFERROR(__xludf.DUMMYFUNCTION("""COMPUTED_VALUE"""),"iPhone 13, Midnight, 128GB, Logic Board Assy Rear System, ROW") -> iPhone 13, Midnight, 128GB, Logic Board Assy Rear System, ROW | G53: =IFERROR(__xludf.DUMMYFUNCTION("""COMPUTED_VALUE"""),"PP661-28882") -> PP661-28882 | H53: =IFERROR(__xludf.DUMMYFUNCTION("""COMPUTED_VALUE"""),"iPhone 14, Purple, 512GB, Logic Board Assy Mid System, ROW") -> iPhone 14, Purple, 512GB, Logic Board Assy Mid System, ROW | I53: =IFERROR(__xludf.DUMMYFUNCTION("""COMPUTED_VALUE"""),2.0) -> 2 | O53: =IFERROR(__xludf.DUMMYFUNCTION("""COMPUTED_VALUE"""),"TA661-43612") -> TA661-43612 | P53: =IFERROR(__xludf.DUMMYFUNCTION("""COMPUTED_VALUE"""),"256GB, Pink, ROW, iPhone 16, Logic Board Assy Mid System") -> 256GB, Pink, ROW, iPhone 16, Logic Board Assy Mid System | Q53: =IFERROR(__xludf.DUMMYFUNCTION("""COMPUTED_VALUE"""),3.0) -> 3
A54: =TEXT(B54:B1051,"MMMM") -> March | B54: =IFERROR(__xludf.DUMMYFUNCTION("""COMPUTED_VALUE"""),46083.0) -> 46083 | C54: =IFERROR(__xludf.DUMMYFUNCTION("""COMPUTED_VALUE"""),"MOBILECARE - NEWPOINT MALL") -> MOBILECARE - NEWPOINT MALL | D54: =IFERROR(__xludf.DUMMYFUNCTION("""COMPUTED_VALUE"""),"PP661-23454") -> PP661-23454 | E54: =IFERROR(__xludf.DUMMYFUNCTION("""COMPUTED_VALUE"""),"iPhone 13, Midnight, 128GB, Logic Board Assy Rear System, ROW") -> iPhone 13, Midnight, 128GB, Logic Board Assy Rear System, ROW | G54: =IFERROR(__xludf.DUMMYFUNCTION("""COMPUTED_VALUE"""),"661-30387") -> 661-30387 | H54: =IFERROR(__xludf.DUMMYFUNCTION("""COMPUTED_VALUE"""),"Purple, Back Glass, iPhone 14 Plus") -> Purple, Back Glass, iPhone 14 Plus | I54: =IFERROR(__xludf.DUMMYFUNCTION("""COMPUTED_VALUE"""),2.0) -> 2 | O54: =IFERROR(__xludf.DUMMYFUNCTION("""COMPUTED_VALUE"""),"TA661-45002") -> TA661-45002 | P54: =IFERROR(__xludf.DUMMYFUNCTION("""COMPUTED_VALUE"""),"256GB, Natural Titanium, ROW, iPhone 16 Pro, Logic Board Assy Mid System") -> 256GB, Natural Titanium, ROW, iPhone 16 Pro, Logic Board Assy Mid System | Q54: =IFERROR(__xludf.DUMMYFUNCTION("""COMPUTED_VALUE"""),3.0) -> 3
A55: =TEXT(B55:B1052,"MMMM") -> March | B55: =IFERROR(__xludf.DUMMYFUNCTION("""COMPUTED_VALUE"""),46083.0) -> 46083 | C55: =IFERROR(__xludf.DUMMYFUNCTION("""COMPUTED_VALUE"""),"MOBILECARE - NEWPOINT MALL") -> MOBILECARE - NEWPOINT MALL | D55: =IFERROR(__xludf.DUMMYFUNCTION("""COMPUTED_VALUE"""),"PP661-23454") -> PP661-23454 | E55: =IFERROR(__xludf.DUMMYFUNCTION("""COMPUTED_VALUE"""),"iPhone 13, Midnight, 128GB, Logic Board Assy Rear System, ROW") -> iPhone 13, Midnight, 128GB, Logic Board Assy Rear System, ROW | G55: =IFERROR(__xludf.DUMMYFUNCTION("""COMPUTED_VALUE"""),"661-56058") -> 661-56058 | H55: =IFERROR(__xludf.DUMMYFUNCTION("""COMPUTED_VALUE"""),"White, Back Glass, iPhone 17") -> White, Back Glass, iPhone 17 | I55: =IFERROR(__xludf.DUMMYFUNCTION("""COMPUTED_VALUE"""),2.0) -> 2 | O55: =IFERROR(__xludf.DUMMYFUNCTION("""COMPUTED_VALUE"""),"TA661-45233") -> TA661-45233 | P55: =IFERROR(__xludf.DUMMYFUNCTION("""COMPUTED_VALUE"""),"128GB, Pink, ROW, iPhone 16 Plus, Logic Board Assy Mid System") -> 128GB, Pink, ROW, iPhone 16 Plus, Logic Board Assy Mid System | Q55: =IFERROR(__xludf.DUMMYFUNCTION("""COMPUTED_VALUE"""),3.0) -> 3
A56: =TEXT(B56:B1053,"MMMM") -> January | B56: =IFERROR(__xludf.DUMMYFUNCTION("""COMPUTED_VALUE"""),46052.0) -> 46052 | C56: =IFERROR(__xludf.DUMMYFUNCTION("""COMPUTED_VALUE"""),"MOBILECARE - NEWPOINT MALL") -> MOBILECARE - NEWPOINT MALL | D56: =IFERROR(__xludf.DUMMYFUNCTION("""COMPUTED_VALUE"""),"PP661-23455") -> PP661-23455 | E56: =IFERROR(__xludf.DUMMYFUNCTION("""COMPUTED_VALUE"""),"iPhone 13, Starlight, 128GB, Logic Board Assy Rear System, ROW") -> iPhone 13, Starlight, 128GB, Logic Board Assy Rear System, ROW | G56: =IFERROR(__xludf.DUMMYFUNCTION("""COMPUTED_VALUE"""),"PP661-23461") -> PP661-23461 | H56: =IFERROR(__xludf.DUMMYFUNCTION("""COMPUTED_VALUE"""),"iPhone 13, Pink, 256GB, Logic Board Assy Rear System, ROW") -> iPhone 13, Pink, 256GB, Logic Board Assy Rear System, ROW | I56: =IFERROR(__xludf.DUMMYFUNCTION("""COMPUTED_VALUE"""),2.0) -> 2 | O56: =IFERROR(__xludf.DUMMYFUNCTION("""COMPUTED_VALUE"""),"TA661-45235") -> TA661-45235 | P56: =IFERROR(__xludf.DUMMYFUNCTION("""COMPUTED_VALUE"""),"128GB, Teal, ROW, iPhone 16 Plus, Logic Board Assy Mid System") -> 128GB, Teal, ROW, iPhone 16 Plus, Logic Board Assy Mid System | Q56: =IFERROR(__xludf.DUMMYFUNCTION("""COMPUTED_VALUE"""),3.0) -> 3
A57: =TEXT(B57:B1054,"MMMM") -> January | B57: =IFERROR(__xludf.DUMMYFUNCTION("""COMPUTED_VALUE"""),46047.0) -> 46047 | C57: =IFERROR(__xludf.DUMMYFUNCTION("""COMPUTED_VALUE"""),"MOBILECARE - NEWPOINT MALL") -> MOBILECARE - NEWPOINT MALL | D57: =IFERROR(__xludf.DUMMYFUNCTION("""COMPUTED_VALUE"""),"PP661-23455") -> PP661-23455 | E57: =IFERROR(__xludf.DUMMYFUNCTION("""COMPUTED_VALUE"""),"iPhone 13, Starlight, 128GB, Logic Board Assy Rear System, ROW") -> iPhone 13, Starlight, 128GB, Logic Board Assy Rear System, ROW | G57: =IFERROR(__xludf.DUMMYFUNCTION("""COMPUTED_VALUE"""),"TA661-36699") -> TA661-36699 | H57: =IFERROR(__xludf.DUMMYFUNCTION("""COMPUTED_VALUE"""),"iPhone 15, Blue, 256GB, Logic Board Assy Mid System, ROW") -> iPhone 15, Blue, 256GB, Logic Board Assy Mid System, ROW | I57: =IFERROR(__xludf.DUMMYFUNCTION("""COMPUTED_VALUE"""),2.0) -> 2 | O57: =IFERROR(__xludf.DUMMYFUNCTION("""COMPUTED_VALUE"""),"TA661-45238") -> TA661-45238 | P57: =IFERROR(__xludf.DUMMYFUNCTION("""COMPUTED_VALUE"""),"256GB, Pink, ROW, iPhone 16 Plus, Logic Board Assy Mid System") -> 256GB, Pink, ROW, iPhone 16 Plus, Logic Board Assy Mid System | Q57: =IFERROR(__xludf.DUMMYFUNCTION("""COMPUTED_VALUE"""),3.0) -> 3 | S57: MOBILECARE - NAGA | T57: Part Number | U57: Part Description | V57: Quantity
A58: =TEXT(B58:B1055,"MMMM") -> January | B58: =IFERROR(__xludf.DUMMYFUNCTION("""COMPUTED_VALUE"""),46048.0) -> 46048 | C58: =IFERROR(__xludf.DUMMYFUNCTION("""COMPUTED_VALUE"""),"MOBILECARE - NEWPOINT MALL") -> MOBILECARE - NEWPOINT MALL | D58: =IFERROR(__xludf.DUMMYFUNCTION("""COMPUTED_VALUE"""),"PP661-23454") -> PP661-23454 | E58: =IFERROR(__xludf.DUMMYFUNCTION("""COMPUTED_VALUE"""),"iPhone 13, Midnight, 128GB, Logic Board Assy Rear System, ROW") -> iPhone 13, Midnight, 128GB, Logic Board Assy Rear System, ROW | G58: =IFERROR(__xludf.DUMMYFUNCTION("""COMPUTED_VALUE"""),"TA661-43614") -> TA661-43614 | H58: =IFERROR(__xludf.DUMMYFUNCTION("""COMPUTED_VALUE"""),"256GB, Teal, ROW, iPhone 16, Logic Board Assy Mid System") -> 256GB, Teal, ROW, iPhone 16, Logic Board Assy Mid System | I58: =IFERROR(__xludf.DUMMYFUNCTION("""COMPUTED_VALUE"""),2.0) -> 2 | O58: =IFERROR(__xludf.DUMMYFUNCTION("""COMPUTED_VALUE"""),"PP661-28879") -> PP661-28879 | P58: =IFERROR(__xludf.DUMMYFUNCTION("""COMPUTED_VALUE"""),"iPhone 14, Starlight, 512GB, Logic Board Assy Mid System, ROW") -> iPhone 14, Starlight, 512GB, Logic Board Assy Mid System, ROW | Q58: =IFERROR(__xludf.DUMMYFUNCTION("""COMPUTED_VALUE"""),2.0) -> 2 | T58: =IFERROR(__xludf.DUMMYFUNCTION("QUERY('Systems&BackGlass'!A3:E1000, ""SELECT D, E, COUNT(D) WHERE lower(E) CONTAINS 'rear sys' "" & IF(S57=""All"", """", ""AND lower(C) = '"" & LOWER(TRIM(S57)) & ""' "") & ""GROUP BY D, E ORDER BY COUNT(D) DESC LABEL COUNT(D) ''"","&" 0)"),"PP661-23455") -> PP661-23455 | U58: =IFERROR(__xludf.DUMMYFUNCTION("""COMPUTED_VALUE"""),"iPhone 13, Starlight, 128GB, Logic Board Assy Rear System, ROW") -> iPhone 13, Starlight, 128GB, Logic Board Assy Rear System, ROW | V58: =IFERROR(__xludf.DUMMYFUNCTION("""COMPUTED_VALUE"""),18.0) -> 18
A59: =TEXT(B59:B1056,"MMMM") -> January | B59: =IFERROR(__xludf.DUMMYFUNCTION("""COMPUTED_VALUE"""),46048.0) -> 46048 | C59: =IFERROR(__xludf.DUMMYFUNCTION("""COMPUTED_VALUE"""),"MOBILECARE - NEWPOINT MALL") -> MOBILECARE - NEWPOINT MALL | D59: =IFERROR(__xludf.DUMMYFUNCTION("""COMPUTED_VALUE"""),"PP661-23454") -> PP661-23454 | E59: =IFERROR(__xludf.DUMMYFUNCTION("""COMPUTED_VALUE"""),"iPhone 13, Midnight, 128GB, Logic Board Assy Rear System, ROW") -> iPhone 13, Midnight, 128GB, Logic Board Assy Rear System, ROW | G59: =IFERROR(__xludf.DUMMYFUNCTION("""COMPUTED_VALUE"""),"661-56055") -> 661-56055 | H59: =IFERROR(__xludf.DUMMYFUNCTION("""COMPUTED_VALUE"""),"Deep Blue, Back Glass, iPhone 17 Pro Max") -> Deep Blue, Back Glass, iPhone 17 Pro Max | I59: =IFERROR(__xludf.DUMMYFUNCTION("""COMPUTED_VALUE"""),2.0) -> 2 | O59: =IFERROR(__xludf.DUMMYFUNCTION("""COMPUTED_VALUE"""),"PP661-28882") -> PP661-28882 | P59: =IFERROR(__xludf.DUMMYFUNCTION("""COMPUTED_VALUE"""),"iPhone 14, Purple, 512GB, Logic Board Assy Mid System, ROW") -> iPhone 14, Purple, 512GB, Logic Board Assy Mid System, ROW | Q59: =IFERROR(__xludf.DUMMYFUNCTION("""COMPUTED_VALUE"""),2.0) -> 2 | T59: =IFERROR(__xludf.DUMMYFUNCTION("""COMPUTED_VALUE"""),"PP661-23454") -> PP661-23454 | U59: =IFERROR(__xludf.DUMMYFUNCTION("""COMPUTED_VALUE"""),"iPhone 13, Midnight, 128GB, Logic Board Assy Rear System, ROW") -> iPhone 13, Midnight, 128GB, Logic Board Assy Rear System, ROW | V59: =IFERROR(__xludf.DUMMYFUNCTION("""COMPUTED_VALUE"""),13.0) -> 13 | Z59: Site | AA59: Quantity
A60: =TEXT(B60:B1057,"MMMM") -> January | B60: =IFERROR(__xludf.DUMMYFUNCTION("""COMPUTED_VALUE"""),46048.0) -> 46048 | C60: =IFERROR(__xludf.DUMMYFUNCTION("""COMPUTED_VALUE"""),"MOBILECARE - NEWPOINT MALL") -> MOBILECARE - NEWPOINT MALL | D60: =IFERROR(__xludf.DUMMYFUNCTION("""COMPUTED_VALUE"""),"PP661-23454") -> PP661-23454 | E60: =IFERROR(__xludf.DUMMYFUNCTION("""COMPUTED_VALUE"""),"iPhone 13, Midnight, 128GB, Logic Board Assy Rear System, ROW") -> iPhone 13, Midnight, 128GB, Logic Board Assy Rear System, ROW | G60: =IFERROR(__xludf.DUMMYFUNCTION("""COMPUTED_VALUE"""),"TA661-45234") -> TA661-45234 | H60: =IFERROR(__xludf.DUMMYFUNCTION("""COMPUTED_VALUE"""),"128GB, Ultramarine, ROW, iPhone 16 Plus, Logic Board Assy Mid System") -> 128GB, Ultramarine, ROW, iPhone 16 Plus, Logic Board Assy Mid System | I60: =IFERROR(__xludf.DUMMYFUNCTION("""COMPUTED_VALUE"""),2.0) -> 2 | O60: =IFERROR(__xludf.DUMMYFUNCTION("""COMPUTED_VALUE"""),"TA661-36699") -> TA661-36699 | P60: =IFERROR(__xludf.DUMMYFUNCTION("""COMPUTED_VALUE"""),"iPhone 15, Blue, 256GB, Logic Board Assy Mid System, ROW") -> iPhone 15, Blue, 256GB, Logic Board Assy Mid System, ROW | Q60: =IFERROR(__xludf.DUMMYFUNCTION("""COMPUTED_VALUE"""),2.0) -> 2 | T60: =IFERROR(__xludf.DUMMYFUNCTION("""COMPUTED_VALUE"""),"PP661-23467") -> PP661-23467 | U60: =IFERROR(__xludf.DUMMYFUNCTION("""COMPUTED_VALUE"""),"iPhone 13, Red, 512GB, Logic Board Assy Rear System, ROW") -> iPhone 13, Red, 512GB, Logic Board Assy Rear System, ROW | V60: =IFERROR(__xludf.DUMMYFUNCTION("""COMPUTED_VALUE"""),1.0) -> 1 | Y60: Desert Titanium, Back Glass, iPhone 16 Pro Max | Z60: =IFERROR(__xludf.DUMMYFUNCTION("IFERROR(LET( part, LOWER(TRIM(Y60)), col_e, ARRAYFORMULA(LOWER(E3:E1000)), part_match, ARRAYFORMULA(IF(OR(part=""all"", part=""""), E3:E1000<>"""", IF(part=""front"", ISNUMBER(SEARCH(""front"", col_e)), TRIM(E3:E100"&"0)=TRIM(Y60)))), data, FILTER(C3:C1000, C3:C1000<>"""", part_match), u, UNIQUE(data), c, MAP(u, LAMBDA(x, COUNTA(FILTER(data, data=x)))), SORT(HSTACK(u, c), 2, FALSE) ), ""No data found"")"),"MOBILECARE - LIMA ESTATE") -> MOBILECARE - LIMA ESTATE | AA60: =IFERROR(__xludf.DUMMYFUNCTION("""COMPUTED_VALUE"""),2.0) -> 2
A61: =TEXT(B61:B1058,"MMMM") -> January | B61: =IFERROR(__xludf.DUMMYFUNCTION("""COMPUTED_VALUE"""),46048.0) -> 46048 | C61: =IFERROR(__xludf.DUMMYFUNCTION("""COMPUTED_VALUE"""),"MOBILECARE - NEWPOINT MALL") -> MOBILECARE - NEWPOINT MALL | D61: =IFERROR(__xludf.DUMMYFUNCTION("""COMPUTED_VALUE"""),"TA661-36695") -> TA661-36695 | E61: =IFERROR(__xludf.DUMMYFUNCTION("""COMPUTED_VALUE"""),"iPhone 15, Green, 128GB, Logic Board Assy Mid System, ROW") -> iPhone 15, Green, 128GB, Logic Board Assy Mid System, ROW | G61: =IFERROR(__xludf.DUMMYFUNCTION("""COMPUTED_VALUE"""),"661-56124") -> 661-56124 | H61: =IFERROR(__xludf.DUMMYFUNCTION("""COMPUTED_VALUE"""),"Deep Blue, Back Glass, iPhone 17 Pro") -> Deep Blue, Back Glass, iPhone 17 Pro | I61: =IFERROR(__xludf.DUMMYFUNCTION("""COMPUTED_VALUE"""),2.0) -> 2 | O61: =IFERROR(__xludf.DUMMYFUNCTION("""COMPUTED_VALUE"""),"TA661-43610") -> TA661-43610 | P61: =IFERROR(__xludf.DUMMYFUNCTION("""COMPUTED_VALUE"""),"256GB, Black, ROW, iPhone 16, Logic Board Assy Mid System") -> 256GB, Black, ROW, iPhone 16, Logic Board Assy Mid System | Q61: =IFERROR(__xludf.DUMMYFUNCTION("""COMPUTED_VALUE"""),2.0) -> 2 | Z61: =IFERROR(__xludf.DUMMYFUNCTION("""COMPUTED_VALUE"""),"MOBILECARE - ZAMBOANGA") -> MOBILECARE - ZAMBOANGA | AA61: =IFERROR(__xludf.DUMMYFUNCTION("""COMPUTED_VALUE"""),1.0) -> 1
A62: =TEXT(B62:B1059,"MMMM") -> January | B62: =IFERROR(__xludf.DUMMYFUNCTION("""COMPUTED_VALUE"""),46050.0) -> 46050 | C62: =IFERROR(__xludf.DUMMYFUNCTION("""COMPUTED_VALUE"""),"MOBILECARE - NEWPOINT MALL") -> MOBILECARE - NEWPOINT MALL | D62: =IFERROR(__xludf.DUMMYFUNCTION("""COMPUTED_VALUE"""),"PP661-23455") -> PP661-23455 | E62: =IFERROR(__xludf.DUMMYFUNCTION("""COMPUTED_VALUE"""),"iPhone 13, Starlight, 128GB, Logic Board Assy Rear System, ROW") -> iPhone 13, Starlight, 128GB, Logic Board Assy Rear System, ROW | G62: =IFERROR(__xludf.DUMMYFUNCTION("""COMPUTED_VALUE"""),"661-36913") -> 661-36913 | H62: =IFERROR(__xludf.DUMMYFUNCTION("""COMPUTED_VALUE"""),"Natural Titanium, Millimeter Wave, Back Glass, iPhone 15 Pro Max") -> Natural Titanium, Millimeter Wave, Back Glass, iPhone 15 Pro Max | I62: =IFERROR(__xludf.DUMMYFUNCTION("""COMPUTED_VALUE"""),1.0) -> 1 | O62: =IFERROR(__xludf.DUMMYFUNCTION("""COMPUTED_VALUE"""),"TA661-43614") -> TA661-43614 | P62: =IFERROR(__xludf.DUMMYFUNCTION("""COMPUTED_VALUE"""),"256GB, Teal, ROW, iPhone 16, Logic Board Assy Mid System") -> 256GB, Teal, ROW, iPhone 16, Logic Board Assy Mid System | Q62: =IFERROR(__xludf.DUMMYFUNCTION("""COMPUTED_VALUE"""),2.0) -> 2 | Z62: =IFERROR(__xludf.DUMMYFUNCTION("""COMPUTED_VALUE"""),"MOBILECARE - APP MALL OF ASIA") -> MOBILECARE - APP MALL OF ASIA | AA62: =IFERROR(__xludf.DUMMYFUNCTION("""COMPUTED_VALUE"""),1.0) -> 1
A63: =TEXT(B63:B1060,"MMMM") -> January | B63: =IFERROR(__xludf.DUMMYFUNCTION("""COMPUTED_VALUE"""),46049.0) -> 46049 | C63: =IFERROR(__xludf.DUMMYFUNCTION("""COMPUTED_VALUE"""),"MOBILECARE - NEWPOINT MALL") -> MOBILECARE - NEWPOINT MALL | D63: =IFERROR(__xludf.DUMMYFUNCTION("""COMPUTED_VALUE"""),"PP661-23455") -> PP661-23455 | E63: =IFERROR(__xludf.DUMMYFUNCTION("""COMPUTED_VALUE"""),"iPhone 13, Starlight, 128GB, Logic Board Assy Rear System, ROW") -> iPhone 13, Starlight, 128GB, Logic Board Assy Rear System, ROW | G63: =IFERROR(__xludf.DUMMYFUNCTION("""COMPUTED_VALUE"""),"661-36841") -> 661-36841 | H63: =IFERROR(__xludf.DUMMYFUNCTION("""COMPUTED_VALUE"""),"Blue, Back Glass, iPhone 15") -> Blue, Back Glass, iPhone 15 | I63: =IFERROR(__xludf.DUMMYFUNCTION("""COMPUTED_VALUE"""),1.0) -> 1 | O63: =IFERROR(__xludf.DUMMYFUNCTION("""COMPUTED_VALUE"""),"TA661-44996") -> TA661-44996 | P63: =IFERROR(__xludf.DUMMYFUNCTION("""COMPUTED_VALUE"""),"128GB, White Titanium, ROW, iPhone 16 Pro, Logic Board Assy Mid System") -> 128GB, White Titanium, ROW, iPhone 16 Pro, Logic Board Assy Mid System | Q63: =IFERROR(__xludf.DUMMYFUNCTION("""COMPUTED_VALUE"""),2.0) -> 2 | Z63: =IFERROR(__xludf.DUMMYFUNCTION("""COMPUTED_VALUE"""),"MOBILECARE - S'MAISON") -> MOBILECARE - S'MAISON | AA63: =IFERROR(__xludf.DUMMYFUNCTION("""COMPUTED_VALUE"""),1.0) -> 1
A64: =TEXT(B64:B1061,"MMMM") -> January | B64: =IFERROR(__xludf.DUMMYFUNCTION("""COMPUTED_VALUE"""),46048.0) -> 46048 | C64: =IFERROR(__xludf.DUMMYFUNCTION("""COMPUTED_VALUE"""),"MOBILECARE - NEWPOINT MALL") -> MOBILECARE - NEWPOINT MALL | D64: =IFERROR(__xludf.DUMMYFUNCTION("""COMPUTED_VALUE"""),"TA661-36694") -> TA661-36694 | E64: =IFERROR(__xludf.DUMMYFUNCTION("""COMPUTED_VALUE"""),"iPhone 15, Blue, 128GB, Logic Board Assy Mid System, ROW") -> iPhone 15, Blue, 128GB, Logic Board Assy Mid System, ROW | G64: =IFERROR(__xludf.DUMMYFUNCTION("""COMPUTED_VALUE"""),"TA661-36700") -> TA661-36700 | H64: =IFERROR(__xludf.DUMMYFUNCTION("""COMPUTED_VALUE"""),"iPhone 15, Green, 256GB, Logic Board Assy Mid System, ROW") -> iPhone 15, Green, 256GB, Logic Board Assy Mid System, ROW | I64: =IFERROR(__xludf.DUMMYFUNCTION("""COMPUTED_VALUE"""),1.0) -> 1 | O64: =IFERROR(__xludf.DUMMYFUNCTION("""COMPUTED_VALUE"""),"TA661-45234") -> TA661-45234 | P64: =IFERROR(__xludf.DUMMYFUNCTION("""COMPUTED_VALUE"""),"128GB, Ultramarine, ROW, iPhone 16 Plus, Logic Board Assy Mid System") -> 128GB, Ultramarine, ROW, iPhone 16 Plus, Logic Board Assy Mid System | Q64: =IFERROR(__xludf.DUMMYFUNCTION("""COMPUTED_VALUE"""),2.0) -> 2 | Z64: =IFERROR(__xludf.DUMMYFUNCTION("""COMPUTED_VALUE"""),"MOBILECARE - CEBU") -> MOBILECARE - CEBU | AA64: =IFERROR(__xludf.DUMMYFUNCTION("""COMPUTED_VALUE"""),1.0) -> 1
A65: =TEXT(B65:B1062,"MMMM") -> January | B65: =IFERROR(__xludf.DUMMYFUNCTION("""COMPUTED_VALUE"""),46047.0) -> 46047 | C65: =IFERROR(__xludf.DUMMYFUNCTION("""COMPUTED_VALUE"""),"MOBILECARE - NEWPOINT MALL") -> MOBILECARE - NEWPOINT MALL | D65: =IFERROR(__xludf.DUMMYFUNCTION("""COMPUTED_VALUE"""),"TA661-36692") -> TA661-36692 | E65: =IFERROR(__xludf.DUMMYFUNCTION("""COMPUTED_VALUE"""),"iPhone 15, Pink, 128GB, Logic Board Assy Mid System, ROW") -> iPhone 15, Pink, 128GB, Logic Board Assy Mid System, ROW | G65: =IFERROR(__xludf.DUMMYFUNCTION("""COMPUTED_VALUE"""),"661-36842") -> 661-36842 | H65: =IFERROR(__xludf.DUMMYFUNCTION("""COMPUTED_VALUE"""),"Green, Back Glass, iPhone 15") -> Green, Back Glass, iPhone 15 | I65: =IFERROR(__xludf.DUMMYFUNCTION("""COMPUTED_VALUE"""),1.0) -> 1 | O65: =IFERROR(__xludf.DUMMYFUNCTION("""COMPUTED_VALUE"""),"TA661-49965") -> TA661-49965 | P65: =IFERROR(__xludf.DUMMYFUNCTION("""COMPUTED_VALUE"""),"White, 128GB, Logic Board Assy Mid System, iPhone 16e, ROW") -> White, 128GB, Logic Board Assy Mid System, iPhone 16e, ROW | Q65: =IFERROR(__xludf.DUMMYFUNCTION("""COMPUTED_VALUE"""),2.0) -> 2 | Z65: =IFERROR(__xludf.DUMMYFUNCTION("""COMPUTED_VALUE"""),"MOBILECARE - NORTHEAST SQUARE") -> MOBILECARE - NORTHEAST SQUARE | AA65: =IFERROR(__xludf.DUMMYFUNCTION("""COMPUTED_VALUE"""),1.0) -> 1
A66: =TEXT(B66:B1063,"MMMM") -> January | B66: =IFERROR(__xludf.DUMMYFUNCTION("""COMPUTED_VALUE"""),46052.0) -> 46052 | C66: =IFERROR(__xludf.DUMMYFUNCTION("""COMPUTED_VALUE"""),"MOBILECARE - NEWPOINT MALL") -> MOBILECARE - NEWPOINT MALL | D66: =IFERROR(__xludf.DUMMYFUNCTION("""COMPUTED_VALUE"""),"TA661-44999") -> TA661-44999 | E66: =IFERROR(__xludf.DUMMYFUNCTION("""COMPUTED_VALUE"""),"256GB, Black Titanium, ROW, iPhone 16 Pro, Logic Board Assy Mid System") -> 256GB, Black Titanium, ROW, iPhone 16 Pro, Logic Board Assy Mid System | G66: =IFERROR(__xludf.DUMMYFUNCTION("""COMPUTED_VALUE"""),"PP661-23467") -> PP661-23467 | H66: =IFERROR(__xludf.DUMMYFUNCTION("""COMPUTED_VALUE"""),"iPhone 13, Red, 512GB, Logic Board Assy Rear System, ROW") -> iPhone 13, Red, 512GB, Logic Board Assy Rear System, ROW | I66: =IFERROR(__xludf.DUMMYFUNCTION("""COMPUTED_VALUE"""),1.0) -> 1 | O66: =IFERROR(__xludf.DUMMYFUNCTION("""COMPUTED_VALUE"""),"TA661-49966") -> TA661-49966 | P66: =IFERROR(__xludf.DUMMYFUNCTION("""COMPUTED_VALUE"""),"Black, 256GB, Logic Board Assy Mid System, iPhone 16e, ROW") -> Black, 256GB, Logic Board Assy Mid System, iPhone 16e, ROW | Q66: =IFERROR(__xludf.DUMMYFUNCTION("""COMPUTED_VALUE"""),2.0) -> 2 | Z66: =IFERROR(__xludf.DUMMYFUNCTION("""COMPUTED_VALUE"""),"MOBILECARE - APP GREENBELT 3") -> MOBILECARE - APP GREENBELT 3 | AA66: =IFERROR(__xludf.DUMMYFUNCTION("""COMPUTED_VALUE"""),1.0) -> 1
A67: =TEXT(B67:B1064,"MMMM") -> February | B67: =IFERROR(__xludf.DUMMYFUNCTION("""COMPUTED_VALUE"""),46061.0) -> 46061 | C67: =IFERROR(__xludf.DUMMYFUNCTION("""COMPUTED_VALUE"""),"MOBILECARE - NEWPOINT MALL") -> MOBILECARE - NEWPOINT MALL | D67: =IFERROR(__xludf.DUMMYFUNCTION("""COMPUTED_VALUE"""),"PP661-28868") -> PP661-28868 | E67: =IFERROR(__xludf.DUMMYFUNCTION("""COMPUTED_VALUE"""),"iPhone 14, Midnight, 128GB, Logic Board Assy Mid System, ROW") -> iPhone 14, Midnight, 128GB, Logic Board Assy Mid System, ROW | G67: =IFERROR(__xludf.DUMMYFUNCTION("""COMPUTED_VALUE"""),"661-42723") -> 661-42723 | H67: =IFERROR(__xludf.DUMMYFUNCTION("""COMPUTED_VALUE"""),"White Titanium, Back Glass, iPhone 16 Pro") -> White Titanium, Back Glass, iPhone 16 Pro | I67: =IFERROR(__xludf.DUMMYFUNCTION("""COMPUTED_VALUE"""),1.0) -> 1 | O67: =IFERROR(__xludf.DUMMYFUNCTION("""COMPUTED_VALUE"""),"PP661-28872") -> PP661-28872 | P67: =IFERROR(__xludf.DUMMYFUNCTION("""COMPUTED_VALUE"""),"iPhone 14, Purple, 128GB, Logic Board Assy Mid System, ROW") -> iPhone 14, Purple, 128GB, Logic Board Assy Mid System, ROW | Q67: =IFERROR(__xludf.DUMMYFUNCTION("""COMPUTED_VALUE"""),1.0) -> 1 | Z67: =IFERROR(__xludf.DUMMYFUNCTION("""COMPUTED_VALUE"""),"MOBILECARE - APP TRINOMA") -> MOBILECARE - APP TRINOMA | AA67: =IFERROR(__xludf.DUMMYFUNCTION("""COMPUTED_VALUE"""),1.0) -> 1
A68: =TEXT(B68:B1065,"MMMM") -> February | B68: =IFERROR(__xludf.DUMMYFUNCTION("""COMPUTED_VALUE"""),46054.0) -> 46054 | C68: =IFERROR(__xludf.DUMMYFUNCTION("""COMPUTED_VALUE"""),"MOBILECARE - NEWPOINT MALL") -> MOBILECARE - NEWPOINT MALL | D68: =IFERROR(__xludf.DUMMYFUNCTION("""COMPUTED_VALUE"""),"TA661-43611") -> TA661-43611 | E68: =IFERROR(__xludf.DUMMYFUNCTION("""COMPUTED_VALUE"""),"256GB, White, ROW, iPhone 16, Logic Board Assy Mid System") -> 256GB, White, ROW, iPhone 16, Logic Board Assy Mid System | G68: =IFERROR(__xludf.DUMMYFUNCTION("""COMPUTED_VALUE"""),"661-35703") -> 661-35703 | H68: =IFERROR(__xludf.DUMMYFUNCTION("""COMPUTED_VALUE"""),"Blue Titanium, Back Glass, iPhone 15 Pro") -> Blue Titanium, Back Glass, iPhone 15 Pro | I68: =IFERROR(__xludf.DUMMYFUNCTION("""COMPUTED_VALUE"""),1.0) -> 1 | O68: =IFERROR(__xludf.DUMMYFUNCTION("""COMPUTED_VALUE"""),"PP661-28876") -> PP661-28876 | P68: =IFERROR(__xludf.DUMMYFUNCTION("""COMPUTED_VALUE"""),"iPhone 14, Blue, 256GB, Logic Board Assy Mid System, ROW") -> iPhone 14, Blue, 256GB, Logic Board Assy Mid System, ROW | Q68: =IFERROR(__xludf.DUMMYFUNCTION("""COMPUTED_VALUE"""),1.0) -> 1 | Z68: =IFERROR(__xludf.DUMMYFUNCTION("""COMPUTED_VALUE"""),"MOBILECARE - NEWPOINT MALL") -> MOBILECARE - NEWPOINT MALL | AA68: =IFERROR(__xludf.DUMMYFUNCTION("""COMPUTED_VALUE"""),1.0) -> 1
A69: =TEXT(B69:B1066,"MMMM") -> January | B69: =IFERROR(__xludf.DUMMYFUNCTION("""COMPUTED_VALUE"""),46052.0) -> 46052 | C69: =IFERROR(__xludf.DUMMYFUNCTION("""COMPUTED_VALUE"""),"MOBILECARE - NEWPOINT MALL") -> MOBILECARE - NEWPOINT MALL | D69: =IFERROR(__xludf.DUMMYFUNCTION("""COMPUTED_VALUE"""),"PP661-23454") -> PP661-23454 | E69: =IFERROR(__xludf.DUMMYFUNCTION("""COMPUTED_VALUE"""),"iPhone 13, Midnight, 128GB, Logic Board Assy Rear System, ROW") -> iPhone 13, Midnight, 128GB, Logic Board Assy Rear System, ROW | G69: =IFERROR(__xludf.DUMMYFUNCTION("""COMPUTED_VALUE"""),"661-36909") -> 661-36909 | H69: =IFERROR(__xludf.DUMMYFUNCTION("""COMPUTED_VALUE"""),"Natural Titanium, Back Glass, iPhone 15 Pro Max") -> Natural Titanium, Back Glass, iPhone 15 Pro Max | I69: =IFERROR(__xludf.DUMMYFUNCTION("""COMPUTED_VALUE"""),1.0) -> 1 | O69: =IFERROR(__xludf.DUMMYFUNCTION("""COMPUTED_VALUE"""),"TA661-36700") -> TA661-36700 | P69: =IFERROR(__xludf.DUMMYFUNCTION("""COMPUTED_VALUE"""),"iPhone 15, Green, 256GB, Logic Board Assy Mid System, ROW") -> iPhone 15, Green, 256GB, Logic Board Assy Mid System, ROW | Q69: =IFERROR(__xludf.DUMMYFUNCTION("""COMPUTED_VALUE"""),1.0) -> 1
A70: =TEXT(B70:B1067,"MMMM") -> January | B70: =IFERROR(__xludf.DUMMYFUNCTION("""COMPUTED_VALUE"""),46053.0) -> 46053 | C70: =IFERROR(__xludf.DUMMYFUNCTION("""COMPUTED_VALUE"""),"MOBILECARE - NEWPOINT MALL") -> MOBILECARE - NEWPOINT MALL | D70: =IFERROR(__xludf.DUMMYFUNCTION("""COMPUTED_VALUE"""),"PP661-28869") -> PP661-28869 | E70: =IFERROR(__xludf.DUMMYFUNCTION("""COMPUTED_VALUE"""),"iPhone 14, Starlight, 128GB, Logic Board Assy Mid System, ROW") -> iPhone 14, Starlight, 128GB, Logic Board Assy Mid System, ROW | G70: =IFERROR(__xludf.DUMMYFUNCTION("""COMPUTED_VALUE"""),"661-56054") -> 661-56054 | H70: =IFERROR(__xludf.DUMMYFUNCTION("""COMPUTED_VALUE"""),"Cosmic Orange, Back Glass, iPhone 17 Pro Max") -> Cosmic Orange, Back Glass, iPhone 17 Pro Max | I70: =IFERROR(__xludf.DUMMYFUNCTION("""COMPUTED_VALUE"""),1.0) -> 1 | O70: =IFERROR(__xludf.DUMMYFUNCTION("""COMPUTED_VALUE"""),"TA661-43613") -> TA661-43613 | P70: =IFERROR(__xludf.DUMMYFUNCTION("""COMPUTED_VALUE"""),"256GB, Ultramarine, ROW, iPhone 16, Logic Board Assy Mid System") -> 256GB, Ultramarine, ROW, iPhone 16, Logic Board Assy Mid System | Q70: =IFERROR(__xludf.DUMMYFUNCTION("""COMPUTED_VALUE"""),1.0) -> 1
A71: =TEXT(B71:B1068,"MMMM") -> February | B71: =IFERROR(__xludf.DUMMYFUNCTION("""COMPUTED_VALUE"""),46060.0) -> 46060 | C71: =IFERROR(__xludf.DUMMYFUNCTION("""COMPUTED_VALUE"""),"MOBILECARE - NEWPOINT MALL") -> MOBILECARE - NEWPOINT MALL | D71: =IFERROR(__xludf.DUMMYFUNCTION("""COMPUTED_VALUE"""),"PP661-23455") -> PP661-23455 | E71: =IFERROR(__xludf.DUMMYFUNCTION("""COMPUTED_VALUE"""),"iPhone 13, Starlight, 128GB, Logic Board Assy Rear System, ROW") -> iPhone 13, Starlight, 128GB, Logic Board Assy Rear System, ROW | G71: =IFERROR(__xludf.DUMMYFUNCTION("""COMPUTED_VALUE"""),"661-49557") -> 661-49557 | H71: =IFERROR(__xludf.DUMMYFUNCTION("""COMPUTED_VALUE"""),"Desert, Back Glass, iPhone 16 Pro") -> Desert, Back Glass, iPhone 16 Pro | I71: =IFERROR(__xludf.DUMMYFUNCTION("""COMPUTED_VALUE"""),1.0) -> 1 | O71: =IFERROR(__xludf.DUMMYFUNCTION("""COMPUTED_VALUE"""),"TA661-43618") -> TA661-43618 | P71: =IFERROR(__xludf.DUMMYFUNCTION("""COMPUTED_VALUE"""),"512GB, Ultramarine, ROW, iPhone 16, Logic Board Assy Mid System") -> 512GB, Ultramarine, ROW, iPhone 16, Logic Board Assy Mid System | Q71: =IFERROR(__xludf.DUMMYFUNCTION("""COMPUTED_VALUE"""),1.0) -> 1
A72: =TEXT(B72:B1069,"MMMM") -> January | B72: =IFERROR(__xludf.DUMMYFUNCTION("""COMPUTED_VALUE"""),46045.0) -> 46045 | C72: =IFERROR(__xludf.DUMMYFUNCTION("""COMPUTED_VALUE"""),"MOBILECARE - NEWPOINT MALL") -> MOBILECARE - NEWPOINT MALL | D72: =IFERROR(__xludf.DUMMYFUNCTION("""COMPUTED_VALUE"""),"TA661-43607") -> TA661-43607 | E72: =IFERROR(__xludf.DUMMYFUNCTION("""COMPUTED_VALUE"""),"128GB, Pink, ROW, iPhone 16, Logic Board Assy Mid System") -> 128GB, Pink, ROW, iPhone 16, Logic Board Assy Mid System | G72: =IFERROR(__xludf.DUMMYFUNCTION("""COMPUTED_VALUE"""),"661-56060") -> 661-56060 | H72: =IFERROR(__xludf.DUMMYFUNCTION("""COMPUTED_VALUE"""),"Lavender, Back Glass, iPhone 17") -> Lavender, Back Glass, iPhone 17 | I72: =IFERROR(__xludf.DUMMYFUNCTION("""COMPUTED_VALUE"""),1.0) -> 1 | O72: =IFERROR(__xludf.DUMMYFUNCTION("""COMPUTED_VALUE"""),"TA661-44998") -> TA661-44998 | P72: =IFERROR(__xludf.DUMMYFUNCTION("""COMPUTED_VALUE"""),"128GB, Natural Titanium, ROW, iPhone 16 Pro, Logic Board Assy Mid System") -> 128GB, Natural Titanium, ROW, iPhone 16 Pro, Logic Board Assy Mid System | Q72: =IFERROR(__xludf.DUMMYFUNCTION("""COMPUTED_VALUE"""),1.0) -> 1
A73: =TEXT(B73:B1070,"MMMM") -> January | B73: =IFERROR(__xludf.DUMMYFUNCTION("""COMPUTED_VALUE"""),46050.0) -> 46050 | C73: =IFERROR(__xludf.DUMMYFUNCTION("""COMPUTED_VALUE"""),"MOBILECARE - NEWPOINT MALL") -> MOBILECARE - NEWPOINT MALL | D73: =IFERROR(__xludf.DUMMYFUNCTION("""COMPUTED_VALUE"""),"PP661-23454") -> PP661-23454 | E73: =IFERROR(__xludf.DUMMYFUNCTION("""COMPUTED_VALUE"""),"iPhone 13, Midnight, 128GB, Logic Board Assy Rear System, ROW") -> iPhone 13, Midnight, 128GB, Logic Board Assy Rear System, ROW | G73: =IFERROR(__xludf.DUMMYFUNCTION("""COMPUTED_VALUE"""),"661-36834") -> 661-36834 | H73: =IFERROR(__xludf.DUMMYFUNCTION("""COMPUTED_VALUE"""),"Natural Titanium, Millimeter Wave, Back Glass, iPhone 15 Pro") -> Natural Titanium, Millimeter Wave, Back Glass, iPhone 15 Pro | I73: =IFERROR(__xludf.DUMMYFUNCTION("""COMPUTED_VALUE"""),1.0) -> 1 | O73: =IFERROR(__xludf.DUMMYFUNCTION("""COMPUTED_VALUE"""),"TA661-45003") -> TA661-45003 | P73: =IFERROR(__xludf.DUMMYFUNCTION("""COMPUTED_VALUE"""),"512GB, Black Titanium, ROW, iPhone 16 Pro, Logic Board Assy Mid System") -> 512GB, Black Titanium, ROW, iPhone 16 Pro, Logic Board Assy Mid System | Q73: =IFERROR(__xludf.DUMMYFUNCTION("""COMPUTED_VALUE"""),1.0) -> 1
A74: =TEXT(B74:B1071,"MMMM") -> January | B74: =IFERROR(__xludf.DUMMYFUNCTION("""COMPUTED_VALUE"""),46040.0) -> 46040 | C74: =IFERROR(__xludf.DUMMYFUNCTION("""COMPUTED_VALUE"""),"MOBILECARE - NEWPOINT MALL") -> MOBILECARE - NEWPOINT MALL | D74: =IFERROR(__xludf.DUMMYFUNCTION("""COMPUTED_VALUE"""),"TA661-45235") -> TA661-45235 | E74: =IFERROR(__xludf.DUMMYFUNCTION("""COMPUTED_VALUE"""),"128GB, Teal, ROW, iPhone 16 Plus, Logic Board Assy Mid System") -> 128GB, Teal, ROW, iPhone 16 Plus, Logic Board Assy Mid System | G74: =IFERROR(__xludf.DUMMYFUNCTION("""COMPUTED_VALUE"""),"661-42722") -> 661-42722 | H74: =IFERROR(__xludf.DUMMYFUNCTION("""COMPUTED_VALUE"""),"Black Titanium, Back Glass, iPhone 16 Pro") -> Black Titanium, Back Glass, iPhone 16 Pro | I74: =IFERROR(__xludf.DUMMYFUNCTION("""COMPUTED_VALUE"""),1.0) -> 1 | O74: =IFERROR(__xludf.DUMMYFUNCTION("""COMPUTED_VALUE"""),"TA661-45006") -> TA661-45006 | P74: =IFERROR(__xludf.DUMMYFUNCTION("""COMPUTED_VALUE"""),"512GB, Natural Titanium, ROW, iPhone 16 Pro, Logic Board Assy Mid System") -> 512GB, Natural Titanium, ROW, iPhone 16 Pro, Logic Board Assy Mid System | Q74: =IFERROR(__xludf.DUMMYFUNCTION("""COMPUTED_VALUE"""),1.0) -> 1
A75: =TEXT(B75:B1072,"MMMM") -> January | B75: =IFERROR(__xludf.DUMMYFUNCTION("""COMPUTED_VALUE"""),46036.0) -> 46036 | C75: =IFERROR(__xludf.DUMMYFUNCTION("""COMPUTED_VALUE"""),"MOBILECARE - NEWPOINT MALL") -> MOBILECARE - NEWPOINT MALL | D75: =IFERROR(__xludf.DUMMYFUNCTION("""COMPUTED_VALUE"""),"TA661-45233") -> TA661-45233 | E75: =IFERROR(__xludf.DUMMYFUNCTION("""COMPUTED_VALUE"""),"128GB, Pink, ROW, iPhone 16 Plus, Logic Board Assy Mid System") -> 128GB, Pink, ROW, iPhone 16 Plus, Logic Board Assy Mid System | G75: =IFERROR(__xludf.DUMMYFUNCTION("""COMPUTED_VALUE"""),"661-44959") -> 661-44959 | H75: =IFERROR(__xludf.DUMMYFUNCTION("""COMPUTED_VALUE"""),"White Titanium, Back Glass, iPhone 16 Pro Max") -> White Titanium, Back Glass, iPhone 16 Pro Max | I75: =IFERROR(__xludf.DUMMYFUNCTION("""COMPUTED_VALUE"""),1.0) -> 1 | O75: =IFERROR(__xludf.DUMMYFUNCTION("""COMPUTED_VALUE"""),"TA661-45237") -> TA661-45237 | P75: =IFERROR(__xludf.DUMMYFUNCTION("""COMPUTED_VALUE"""),"256GB, White, ROW, iPhone 16 Plus, Logic Board Assy Mid System") -> 256GB, White, ROW, iPhone 16 Plus, Logic Board Assy Mid System | Q75: =IFERROR(__xludf.DUMMYFUNCTION("""COMPUTED_VALUE"""),1.0) -> 1
A76: =TEXT(B76:B1073,"MMMM") -> January | B76: =IFERROR(__xludf.DUMMYFUNCTION("""COMPUTED_VALUE"""),46043.0) -> 46043 | C76: =IFERROR(__xludf.DUMMYFUNCTION("""COMPUTED_VALUE"""),"MOBILECARE - NEWPOINT MALL") -> MOBILECARE - NEWPOINT MALL | D76: =IFERROR(__xludf.DUMMYFUNCTION("""COMPUTED_VALUE"""),"PP661-23455") -> PP661-23455 | E76: =IFERROR(__xludf.DUMMYFUNCTION("""COMPUTED_VALUE"""),"iPhone 13, Starlight, 128GB, Logic Board Assy Rear System, ROW") -> iPhone 13, Starlight, 128GB, Logic Board Assy Rear System, ROW | G76: =IFERROR(__xludf.DUMMYFUNCTION("""COMPUTED_VALUE"""),"661-36908") -> 661-36908 | H76: =IFERROR(__xludf.DUMMYFUNCTION("""COMPUTED_VALUE"""),"White Titanium, Back Glass, iPhone 15 Pro Max") -> White Titanium, Back Glass, iPhone 15 Pro Max | I76: =IFERROR(__xludf.DUMMYFUNCTION("""COMPUTED_VALUE"""),1.0) -> 1 | O76: =IFERROR(__xludf.DUMMYFUNCTION("""COMPUTED_VALUE"""),"TA661-45242") -> TA661-45242 | P76: =IFERROR(__xludf.DUMMYFUNCTION("""COMPUTED_VALUE"""),"512GB, White, ROW, iPhone 16 Plus, Logic Board Assy Mid System") -> 512GB, White, ROW, iPhone 16 Plus, Logic Board Assy Mid System | Q76: =IFERROR(__xludf.DUMMYFUNCTION("""COMPUTED_VALUE"""),1.0) -> 1
A77: =TEXT(B77:B1074,"MMMM") -> January | B77: =IFERROR(__xludf.DUMMYFUNCTION("""COMPUTED_VALUE"""),46037.0) -> 46037 | C77: =IFERROR(__xludf.DUMMYFUNCTION("""COMPUTED_VALUE"""),"MOBILECARE - NEWPOINT MALL") -> MOBILECARE - NEWPOINT MALL | D77: =IFERROR(__xludf.DUMMYFUNCTION("""COMPUTED_VALUE"""),"PP661-23454") -> PP661-23454 | E77: =IFERROR(__xludf.DUMMYFUNCTION("""COMPUTED_VALUE"""),"iPhone 13, Midnight, 128GB, Logic Board Assy Rear System, ROW") -> iPhone 13, Midnight, 128GB, Logic Board Assy Rear System, ROW | G77: =IFERROR(__xludf.DUMMYFUNCTION("""COMPUTED_VALUE"""),"TA661-45237") -> TA661-45237 | H77: =IFERROR(__xludf.DUMMYFUNCTION("""COMPUTED_VALUE"""),"256GB, White, ROW, iPhone 16 Plus, Logic Board Assy Mid System") -> 256GB, White, ROW, iPhone 16 Plus, Logic Board Assy Mid System | I77: =IFERROR(__xludf.DUMMYFUNCTION("""COMPUTED_VALUE"""),1.0) -> 1 | O77: =IFERROR(__xludf.DUMMYFUNCTION("""COMPUTED_VALUE"""),"TA661-45243") -> TA661-45243 | P77: =IFERROR(__xludf.DUMMYFUNCTION("""COMPUTED_VALUE"""),"512GB, Pink, ROW, iPhone 16 Plus, Logic Board Assy Mid System") -> 512GB, Pink, ROW, iPhone 16 Plus, Logic Board Assy Mid System | Q77: =IFERROR(__xludf.DUMMYFUNCTION("""COMPUTED_VALUE"""),1.0) -> 1
A78: =TEXT(B78:B1075,"MMMM") -> January | B78: =IFERROR(__xludf.DUMMYFUNCTION("""COMPUTED_VALUE"""),46036.0) -> 46036 | C78: =IFERROR(__xludf.DUMMYFUNCTION("""COMPUTED_VALUE"""),"MOBILECARE - NEWPOINT MALL") -> MOBILECARE - NEWPOINT MALL | D78: =IFERROR(__xludf.DUMMYFUNCTION("""COMPUTED_VALUE"""),"TA661-43607") -> TA661-43607 | E78: =IFERROR(__xludf.DUMMYFUNCTION("""COMPUTED_VALUE"""),"128GB, Pink, ROW, iPhone 16, Logic Board Assy Mid System") -> 128GB, Pink, ROW, iPhone 16, Logic Board Assy Mid System | G78: =IFERROR(__xludf.DUMMYFUNCTION("""COMPUTED_VALUE"""),"TA661-44998") -> TA661-44998 | H78: =IFERROR(__xludf.DUMMYFUNCTION("""COMPUTED_VALUE"""),"128GB, Natural Titanium, ROW, iPhone 16 Pro, Logic Board Assy Mid System") -> 128GB, Natural Titanium, ROW, iPhone 16 Pro, Logic Board Assy Mid System | I78: =IFERROR(__xludf.DUMMYFUNCTION("""COMPUTED_VALUE"""),1.0) -> 1
A79: =TEXT(B79:B1076,"MMMM") -> January | B79: =IFERROR(__xludf.DUMMYFUNCTION("""COMPUTED_VALUE"""),46030.0) -> 46030 | C79: =IFERROR(__xludf.DUMMYFUNCTION("""COMPUTED_VALUE"""),"MOBILECARE - NEWPOINT MALL") -> MOBILECARE - NEWPOINT MALL | D79: =IFERROR(__xludf.DUMMYFUNCTION("""COMPUTED_VALUE"""),"TA661-43606") -> TA661-43606 | E79: =IFERROR(__xludf.DUMMYFUNCTION("""COMPUTED_VALUE"""),"128GB, White, ROW, iPhone 16, Logic Board Assy Mid System") -> 128GB, White, ROW, iPhone 16, Logic Board Assy Mid System | G79: =IFERROR(__xludf.DUMMYFUNCTION("""COMPUTED_VALUE"""),"TA661-43618") -> TA661-43618 | H79: =IFERROR(__xludf.DUMMYFUNCTION("""COMPUTED_VALUE"""),"512GB, Ultramarine, ROW, iPhone 16, Logic Board Assy Mid System") -> 512GB, Ultramarine, ROW, iPhone 16, Logic Board Assy Mid System | I79: =IFERROR(__xludf.DUMMYFUNCTION("""COMPUTED_VALUE"""),1.0) -> 1 | X79: MOBILECARE - LIMA ESTATE | Y79: Part Number | Z79: Part Description | AA79: Quantity
A80: =TEXT(B80:B1077,"MMMM") -> January | B80: =IFERROR(__xludf.DUMMYFUNCTION("""COMPUTED_VALUE"""),46037.0) -> 46037 | C80: =IFERROR(__xludf.DUMMYFUNCTION("""COMPUTED_VALUE"""),"MOBILECARE - NEWPOINT MALL") -> MOBILECARE - NEWPOINT MALL | D80: =IFERROR(__xludf.DUMMYFUNCTION("""COMPUTED_VALUE"""),"PP661-23455") -> PP661-23455 | E80: =IFERROR(__xludf.DUMMYFUNCTION("""COMPUTED_VALUE"""),"iPhone 13, Starlight, 128GB, Logic Board Assy Rear System, ROW") -> iPhone 13, Starlight, 128GB, Logic Board Assy Rear System, ROW | G80: =IFERROR(__xludf.DUMMYFUNCTION("""COMPUTED_VALUE"""),"TA661-45003") -> TA661-45003 | H80: =IFERROR(__xludf.DUMMYFUNCTION("""COMPUTED_VALUE"""),"512GB, Black Titanium, ROW, iPhone 16 Pro, Logic Board Assy Mid System") -> 512GB, Black Titanium, ROW, iPhone 16 Pro, Logic Board Assy Mid System | I80: =IFERROR(__xludf.DUMMYFUNCTION("""COMPUTED_VALUE"""),1.0) -> 1 | T80: iPhone 13, Red, 512GB, Logic Board Assy Rear System, ROW | U80: Site | V80: Quantity | Y80: =IFERROR(__xludf.DUMMYFUNCTION("QUERY('Systems&BackGlass'!A3:E1000, ""SELECT D, E, COUNT(D) WHERE lower(E) CONTAINS 'back glass' "" & IF(X79=""All"", """", ""AND lower(C) = '"" & LOWER(TRIM(X79)) & ""' "") & ""GROUP BY D, E ORDER BY COUNT(D) DESC LABEL COUNT(D) ''"&""", 0)"),"661-36838") -> 661-36838 | Z80: =IFERROR(__xludf.DUMMYFUNCTION("""COMPUTED_VALUE"""),"Black, Back Glass, iPhone 15") -> Black, Back Glass, iPhone 15 | AA80: =IFERROR(__xludf.DUMMYFUNCTION("""COMPUTED_VALUE"""),2.0) -> 2
A81: =TEXT(B81:B1078,"MMMM") -> January | B81: =IFERROR(__xludf.DUMMYFUNCTION("""COMPUTED_VALUE"""),46034.0) -> 46034 | C81: =IFERROR(__xludf.DUMMYFUNCTION("""COMPUTED_VALUE"""),"MOBILECARE - NEWPOINT MALL") -> MOBILECARE - NEWPOINT MALL | D81: =IFERROR(__xludf.DUMMYFUNCTION("""COMPUTED_VALUE"""),"TA661-36691") -> TA661-36691 | E81: =IFERROR(__xludf.DUMMYFUNCTION("""COMPUTED_VALUE"""),"iPhone 15, Black, 128GB, Logic Board Assy Mid System, ROW") -> iPhone 15, Black, 128GB, Logic Board Assy Mid System, ROW | G81: =IFERROR(__xludf.DUMMYFUNCTION("""COMPUTED_VALUE"""),"PP661-28876") -> PP661-28876 | H81: =IFERROR(__xludf.DUMMYFUNCTION("""COMPUTED_VALUE"""),"iPhone 14, Blue, 256GB, Logic Board Assy Mid System, ROW") -> iPhone 14, Blue, 256GB, Logic Board Assy Mid System, ROW | I81: =IFERROR(__xludf.DUMMYFUNCTION("""COMPUTED_VALUE"""),1.0) -> 1 | N81: MOBILECARE - CEBU | O81: Part Number | P81: Part Description | Q81: Quantity | U81: =IFERROR(__xludf.DUMMYFUNCTION("IFERROR(LET( part, LOWER(TRIM(T80)), col_e, ARRAYFORMULA(LOWER(E3:E1000)), part_match, ARRAYFORMULA(IF(OR(part=""all"", part=""""), E3:E1000<>"""", IF(part=""front"", ISNUMBER(SEARCH(""front"", col_e)), TRIM(E3:E100"&"0)=TRIM(T80)))), data, FILTER(C3:C1000, C3:C1000<>"""", part_match), u, UNIQUE(data), c, MAP(u, LAMBDA(x, COUNTA(FILTER(data, data=x)))), SORT(HSTACK(u, c), 2, FALSE) ), ""No data found"")"),"MOBILECARE - NAGA") -> MOBILECARE - NAGA | V81: =IFERROR(__xludf.DUMMYFUNCTION("""COMPUTED_VALUE"""),1.0) -> 1 | Y81: =IFERROR(__xludf.DUMMYFUNCTION("""COMPUTED_VALUE"""),"661-44960") -> 661-44960 | Z81: =IFERROR(__xludf.DUMMYFUNCTION("""COMPUTED_VALUE"""),"Desert Titanium, Back Glass, iPhone 16 Pro Max") -> Desert Titanium, Back Glass, iPhone 16 Pro Max | AA81: =IFERROR(__xludf.DUMMYFUNCTION("""COMPUTED_VALUE"""),2.0) -> 2
A82: =TEXT(B82:B1079,"MMMM") -> January | B82: =IFERROR(__xludf.DUMMYFUNCTION("""COMPUTED_VALUE"""),46027.0) -> 46027 | C82: =IFERROR(__xludf.DUMMYFUNCTION("""COMPUTED_VALUE"""),"MOBILECARE - NEWPOINT MALL") -> MOBILECARE - NEWPOINT MALL | D82: =IFERROR(__xludf.DUMMYFUNCTION("""COMPUTED_VALUE"""),"PP661-23455") -> PP661-23455 | E82: =IFERROR(__xludf.DUMMYFUNCTION("""COMPUTED_VALUE"""),"iPhone 13, Starlight, 128GB, Logic Board Assy Rear System, ROW") -> iPhone 13, Starlight, 128GB, Logic Board Assy Rear System, ROW | G82: =IFERROR(__xludf.DUMMYFUNCTION("""COMPUTED_VALUE"""),"PP661-28872") -> PP661-28872 | H82: =IFERROR(__xludf.DUMMYFUNCTION("""COMPUTED_VALUE"""),"iPhone 14, Purple, 128GB, Logic Board Assy Mid System, ROW") -> iPhone 14, Purple, 128GB, Logic Board Assy Mid System, ROW | I82: =IFERROR(__xludf.DUMMYFUNCTION("""COMPUTED_VALUE"""),1.0) -> 1 | O82: =IFERROR(__xludf.DUMMYFUNCTION("QUERY('Systems&BackGlass'!A3:E1000, ""SELECT D, E, COUNT(D) WHERE lower(E) CONTAINS 'mid sys' "" & IF(N81=""All"", """", ""AND lower(C) = '"" & LOWER(TRIM(N81)) & ""' "") & ""GROUP BY D, E ORDER BY COUNT(D) DESC LABEL COUNT(D) ''"", "&" 0)"),"PP661-28871") -> PP661-28871 | P82: =IFERROR(__xludf.DUMMYFUNCTION("""COMPUTED_VALUE"""),"iPhone 14, Blue, 128GB, Logic Board Assy Mid System, ROW") -> iPhone 14, Blue, 128GB, Logic Board Assy Mid System, ROW | Q82: =IFERROR(__xludf.DUMMYFUNCTION("""COMPUTED_VALUE"""),3.0) -> 3 | Y82: =IFERROR(__xludf.DUMMYFUNCTION("""COMPUTED_VALUE"""),"661-35703") -> 661-35703 | Z82: =IFERROR(__xludf.DUMMYFUNCTION("""COMPUTED_VALUE"""),"Blue Titanium, Back Glass, iPhone 15 Pro") -> Blue Titanium, Back Glass, iPhone 15 Pro | AA82: =IFERROR(__xludf.DUMMYFUNCTION("""COMPUTED_VALUE"""),1.0) -> 1
A83: =TEXT(B83:B1080,"MMMM") -> January | B83: =IFERROR(__xludf.DUMMYFUNCTION("""COMPUTED_VALUE"""),46026.0) -> 46026 | C83: =IFERROR(__xludf.DUMMYFUNCTION("""COMPUTED_VALUE"""),"MOBILECARE - NEWPOINT MALL") -> MOBILECARE - NEWPOINT MALL | D83: =IFERROR(__xludf.DUMMYFUNCTION("""COMPUTED_VALUE"""),"PP661-23455") -> PP661-23455 | E83: =IFERROR(__xludf.DUMMYFUNCTION("""COMPUTED_VALUE"""),"iPhone 13, Starlight, 128GB, Logic Board Assy Rear System, ROW") -> iPhone 13, Starlight, 128GB, Logic Board Assy Rear System, ROW | G83: =IFERROR(__xludf.DUMMYFUNCTION("""COMPUTED_VALUE"""),"661-37212") -> 661-37212 | H83: =IFERROR(__xludf.DUMMYFUNCTION("""COMPUTED_VALUE"""),"Green, Back Glass, iPhone 15 Plus") -> Green, Back Glass, iPhone 15 Plus | I83: =IFERROR(__xludf.DUMMYFUNCTION("""COMPUTED_VALUE"""),1.0) -> 1 | O83: =IFERROR(__xludf.DUMMYFUNCTION("""COMPUTED_VALUE"""),"PP661-28868") -> PP661-28868 | P83: =IFERROR(__xludf.DUMMYFUNCTION("""COMPUTED_VALUE"""),"iPhone 14, Midnight, 128GB, Logic Board Assy Mid System, ROW") -> iPhone 14, Midnight, 128GB, Logic Board Assy Mid System, ROW | Q83: =IFERROR(__xludf.DUMMYFUNCTION("""COMPUTED_VALUE"""),2.0) -> 2 | Y83: =IFERROR(__xludf.DUMMYFUNCTION("""COMPUTED_VALUE"""),"661-42723") -> 661-42723 | Z83: =IFERROR(__xludf.DUMMYFUNCTION("""COMPUTED_VALUE"""),"White Titanium, Back Glass, iPhone 16 Pro") -> White Titanium, Back Glass, iPhone 16 Pro | AA83: =IFERROR(__xludf.DUMMYFUNCTION("""COMPUTED_VALUE"""),1.0) -> 1
A84: =TEXT(B84:B1081,"MMMM") -> January | B84: =IFERROR(__xludf.DUMMYFUNCTION("""COMPUTED_VALUE"""),46028.0) -> 46028 | C84: =IFERROR(__xludf.DUMMYFUNCTION("""COMPUTED_VALUE"""),"MOBILECARE - NEWPOINT MALL") -> MOBILECARE - NEWPOINT MALL | D84: =IFERROR(__xludf.DUMMYFUNCTION("""COMPUTED_VALUE"""),"PP661-28871") -> PP661-28871 | E84: =IFERROR(__xludf.DUMMYFUNCTION("""COMPUTED_VALUE"""),"iPhone 14, Blue, 128GB, Logic Board Assy Mid System, ROW") -> iPhone 14, Blue, 128GB, Logic Board Assy Mid System, ROW | G84: =IFERROR(__xludf.DUMMYFUNCTION("""COMPUTED_VALUE"""),"TA661-45242") -> TA661-45242 | H84: =IFERROR(__xludf.DUMMYFUNCTION("""COMPUTED_VALUE"""),"512GB, White, ROW, iPhone 16 Plus, Logic Board Assy Mid System") -> 512GB, White, ROW, iPhone 16 Plus, Logic Board Assy Mid System | I84: =IFERROR(__xludf.DUMMYFUNCTION("""COMPUTED_VALUE"""),1.0) -> 1 | O84: =IFERROR(__xludf.DUMMYFUNCTION("""COMPUTED_VALUE"""),"PP661-28869") -> PP661-28869 | P84: =IFERROR(__xludf.DUMMYFUNCTION("""COMPUTED_VALUE"""),"iPhone 14, Starlight, 128GB, Logic Board Assy Mid System, ROW") -> iPhone 14, Starlight, 128GB, Logic Board Assy Mid System, ROW | Q84: =IFERROR(__xludf.DUMMYFUNCTION("""COMPUTED_VALUE"""),2.0) -> 2 | Y84: =IFERROR(__xludf.DUMMYFUNCTION("""COMPUTED_VALUE"""),"661-56124") -> 661-56124 | Z84: =IFERROR(__xludf.DUMMYFUNCTION("""COMPUTED_VALUE"""),"Deep Blue, Back Glass, iPhone 17 Pro") -> Deep Blue, Back Glass, iPhone 17 Pro | AA84: =IFERROR(__xludf.DUMMYFUNCTION("""COMPUTED_VALUE"""),1.0) -> 1
A85: =TEXT(B85:B1082,"MMMM") -> January | B85: =IFERROR(__xludf.DUMMYFUNCTION("""COMPUTED_VALUE"""),46027.0) -> 46027 | C85: =IFERROR(__xludf.DUMMYFUNCTION("""COMPUTED_VALUE"""),"MOBILECARE - NEWPOINT MALL") -> MOBILECARE - NEWPOINT MALL | D85: =IFERROR(__xludf.DUMMYFUNCTION("""COMPUTED_VALUE"""),"PP661-28871") -> PP661-28871 | E85: =IFERROR(__xludf.DUMMYFUNCTION("""COMPUTED_VALUE"""),"iPhone 14, Blue, 128GB, Logic Board Assy Mid System, ROW") -> iPhone 14, Blue, 128GB, Logic Board Assy Mid System, ROW | G85: =IFERROR(__xludf.DUMMYFUNCTION("""COMPUTED_VALUE"""),"661-56123") -> 661-56123 | H85: =IFERROR(__xludf.DUMMYFUNCTION("""COMPUTED_VALUE"""),"Cosmic Orange, Back Glass, iPhone 17 Pro") -> Cosmic Orange, Back Glass, iPhone 17 Pro | I85: =IFERROR(__xludf.DUMMYFUNCTION("""COMPUTED_VALUE"""),1.0) -> 1 | O85: =IFERROR(__xludf.DUMMYFUNCTION("""COMPUTED_VALUE"""),"PP661-28873") -> PP661-28873 | P85: =IFERROR(__xludf.DUMMYFUNCTION("""COMPUTED_VALUE"""),"iPhone 14, Midnight, 256GB, Logic Board Assy Mid System, ROW") -> iPhone 14, Midnight, 256GB, Logic Board Assy Mid System, ROW | Q85: =IFERROR(__xludf.DUMMYFUNCTION("""COMPUTED_VALUE"""),2.0) -> 2
A86: =TEXT(B86:B1083,"MMMM") -> January | B86: =IFERROR(__xludf.DUMMYFUNCTION("""COMPUTED_VALUE"""),46025.0) -> 46025 | C86: =IFERROR(__xludf.DUMMYFUNCTION("""COMPUTED_VALUE"""),"MOBILECARE - NEWPOINT MALL") -> MOBILECARE - NEWPOINT MALL | D86: =IFERROR(__xludf.DUMMYFUNCTION("""COMPUTED_VALUE"""),"TA661-43607") -> TA661-43607 | E86: =IFERROR(__xludf.DUMMYFUNCTION("""COMPUTED_VALUE"""),"128GB, Pink, ROW, iPhone 16, Logic Board Assy Mid System") -> 128GB, Pink, ROW, iPhone 16, Logic Board Assy Mid System | G86: =IFERROR(__xludf.DUMMYFUNCTION("""COMPUTED_VALUE"""),"661-56059") -> 661-56059 | H86: =IFERROR(__xludf.DUMMYFUNCTION("""COMPUTED_VALUE"""),"Mist Blue, Back Glass, iPhone 17") -> Mist Blue, Back Glass, iPhone 17 | I86: =IFERROR(__xludf.DUMMYFUNCTION("""COMPUTED_VALUE"""),1.0) -> 1 | O86: =IFERROR(__xludf.DUMMYFUNCTION("""COMPUTED_VALUE"""),"TA661-43609") -> TA661-43609 | P86: =IFERROR(__xludf.DUMMYFUNCTION("""COMPUTED_VALUE"""),"128GB, Teal, ROW, iPhone 16, Logic Board Assy Mid System") -> 128GB, Teal, ROW, iPhone 16, Logic Board Assy Mid System | Q86: =IFERROR(__xludf.DUMMYFUNCTION("""COMPUTED_VALUE"""),2.0) -> 2
A87: =TEXT(B87:B1084,"MMMM") -> June | B87: =IFERROR(__xludf.DUMMYFUNCTION("""COMPUTED_VALUE"""),46181.0) -> 46181 | C87: =IFERROR(__xludf.DUMMYFUNCTION("""COMPUTED_VALUE"""),"MOBILECARE - FESTIVE WALK ILOILO") -> MOBILECARE - FESTIVE WALK ILOILO | D87: =IFERROR(__xludf.DUMMYFUNCTION("""COMPUTED_VALUE"""),"TA661-45235") -> TA661-45235 | E87: =IFERROR(__xludf.DUMMYFUNCTION("""COMPUTED_VALUE"""),"128GB, Teal, ROW, iPhone 16 Plus, Logic Board Assy Mid System") -> 128GB, Teal, ROW, iPhone 16 Plus, Logic Board Assy Mid System | G87: =IFERROR(__xludf.DUMMYFUNCTION("""COMPUTED_VALUE"""),"661-55239") -> 661-55239 | H87: =IFERROR(__xludf.DUMMYFUNCTION("""COMPUTED_VALUE"""),"Sky Blue, Back Glass, iPhone Air") -> Sky Blue, Back Glass, iPhone Air | I87: =IFERROR(__xludf.DUMMYFUNCTION("""COMPUTED_VALUE"""),1.0) -> 1 | O87: =IFERROR(__xludf.DUMMYFUNCTION("""COMPUTED_VALUE"""),"TA661-45231") -> TA661-45231 | P87: =IFERROR(__xludf.DUMMYFUNCTION("""COMPUTED_VALUE"""),"128GB, Black, ROW, iPhone 16 Plus, Logic Board Assy Mid System") -> 128GB, Black, ROW, iPhone 16 Plus, Logic Board Assy Mid System | Q87: =IFERROR(__xludf.DUMMYFUNCTION("""COMPUTED_VALUE"""),2.0) -> 2
A88: =TEXT(B88:B1085,"MMMM") -> February | B88: =IFERROR(__xludf.DUMMYFUNCTION("""COMPUTED_VALUE"""),46057.0) -> 46057 | C88: =IFERROR(__xludf.DUMMYFUNCTION("""COMPUTED_VALUE"""),"MOBILECARE - FESTIVE WALK ILOILO") -> MOBILECARE - FESTIVE WALK ILOILO | D88: =IFERROR(__xludf.DUMMYFUNCTION("""COMPUTED_VALUE"""),"PP661-23455") -> PP661-23455 | E88: =IFERROR(__xludf.DUMMYFUNCTION("""COMPUTED_VALUE"""),"iPhone 13, Starlight, 128GB, Logic Board Assy Rear System, ROW") -> iPhone 13, Starlight, 128GB, Logic Board Assy Rear System, ROW | G88: =IFERROR(__xludf.DUMMYFUNCTION("""COMPUTED_VALUE"""),"661-30413") -> 661-30413 | H88: =IFERROR(__xludf.DUMMYFUNCTION("""COMPUTED_VALUE"""),"Midnight, Back Glass, iPhone 14") -> Midnight, Back Glass, iPhone 14 | I88: =IFERROR(__xludf.DUMMYFUNCTION("""COMPUTED_VALUE"""),1.0) -> 1 | O88: =IFERROR(__xludf.DUMMYFUNCTION("""COMPUTED_VALUE"""),"TA661-36691") -> TA661-36691 | P88: =IFERROR(__xludf.DUMMYFUNCTION("""COMPUTED_VALUE"""),"iPhone 15, Black, 128GB, Logic Board Assy Mid System, ROW") -> iPhone 15, Black, 128GB, Logic Board Assy Mid System, ROW | Q88: =IFERROR(__xludf.DUMMYFUNCTION("""COMPUTED_VALUE"""),1.0) -> 1
A89: =TEXT(B89:B1086,"MMMM") -> January | B89: =IFERROR(__xludf.DUMMYFUNCTION("""COMPUTED_VALUE"""),46053.0) -> 46053 | C89: =IFERROR(__xludf.DUMMYFUNCTION("""COMPUTED_VALUE"""),"MOBILECARE - FESTIVE WALK ILOILO") -> MOBILECARE - FESTIVE WALK ILOILO | D89: =IFERROR(__xludf.DUMMYFUNCTION("""COMPUTED_VALUE"""),"PP661-23454") -> PP661-23454 | E89: =IFERROR(__xludf.DUMMYFUNCTION("""COMPUTED_VALUE"""),"iPhone 13, Midnight, 128GB, Logic Board Assy Rear System, ROW") -> iPhone 13, Midnight, 128GB, Logic Board Assy Rear System, ROW | G89: =IFERROR(__xludf.DUMMYFUNCTION("""COMPUTED_VALUE"""),"661-56061") -> 661-56061 | H89: =IFERROR(__xludf.DUMMYFUNCTION("""COMPUTED_VALUE"""),"Sage, Back Glass, iPhone 17") -> Sage, Back Glass, iPhone 17 | I89: =IFERROR(__xludf.DUMMYFUNCTION("""COMPUTED_VALUE"""),1.0) -> 1 | O89: =IFERROR(__xludf.DUMMYFUNCTION("""COMPUTED_VALUE"""),"TA661-36695") -> TA661-36695 | P89: =IFERROR(__xludf.DUMMYFUNCTION("""COMPUTED_VALUE"""),"iPhone 15, Green, 128GB, Logic Board Assy Mid System, ROW") -> iPhone 15, Green, 128GB, Logic Board Assy Mid System, ROW | Q89: =IFERROR(__xludf.DUMMYFUNCTION("""COMPUTED_VALUE"""),1.0) -> 1
A90: =TEXT(B90:B1087,"MMMM") -> January | B90: =IFERROR(__xludf.DUMMYFUNCTION("""COMPUTED_VALUE"""),46043.0) -> 46043 | C90: =IFERROR(__xludf.DUMMYFUNCTION("""COMPUTED_VALUE"""),"MOBILECARE - FESTIVE WALK ILOILO") -> MOBILECARE - FESTIVE WALK ILOILO | D90: =IFERROR(__xludf.DUMMYFUNCTION("""COMPUTED_VALUE"""),"PP661-23455") -> PP661-23455 | E90: =IFERROR(__xludf.DUMMYFUNCTION("""COMPUTED_VALUE"""),"iPhone 13, Starlight, 128GB, Logic Board Assy Rear System, ROW") -> iPhone 13, Starlight, 128GB, Logic Board Assy Rear System, ROW | G90: =IFERROR(__xludf.DUMMYFUNCTION("""COMPUTED_VALUE"""),"661-30416") -> 661-30416 | H90: =IFERROR(__xludf.DUMMYFUNCTION("""COMPUTED_VALUE"""),"Blue, Back Glass, iPhone 14") -> Blue, Back Glass, iPhone 14 | I90: =IFERROR(__xludf.DUMMYFUNCTION("""COMPUTED_VALUE"""),1.0) -> 1 | O90: =IFERROR(__xludf.DUMMYFUNCTION("""COMPUTED_VALUE"""),"TA661-36699") -> TA661-36699 | P90: =IFERROR(__xludf.DUMMYFUNCTION("""COMPUTED_VALUE"""),"iPhone 15, Blue, 256GB, Logic Board Assy Mid System, ROW") -> iPhone 15, Blue, 256GB, Logic Board Assy Mid System, ROW | Q90: =IFERROR(__xludf.DUMMYFUNCTION("""COMPUTED_VALUE"""),1.0) -> 1
A91: =TEXT(B91:B1088,"MMMM") -> January | B91: =IFERROR(__xludf.DUMMYFUNCTION("""COMPUTED_VALUE"""),46043.0) -> 46043 | C91: =IFERROR(__xludf.DUMMYFUNCTION("""COMPUTED_VALUE"""),"MOBILECARE - FESTIVE WALK ILOILO") -> MOBILECARE - FESTIVE WALK ILOILO | D91: =IFERROR(__xludf.DUMMYFUNCTION("""COMPUTED_VALUE"""),"PP661-28868") -> PP661-28868 | E91: =IFERROR(__xludf.DUMMYFUNCTION("""COMPUTED_VALUE"""),"iPhone 14, Midnight, 128GB, Logic Board Assy Mid System, ROW") -> iPhone 14, Midnight, 128GB, Logic Board Assy Mid System, ROW | G91: =IFERROR(__xludf.DUMMYFUNCTION("""COMPUTED_VALUE"""),"TA661-45243") -> TA661-45243 | H91: =IFERROR(__xludf.DUMMYFUNCTION("""COMPUTED_VALUE"""),"512GB, Pink, ROW, iPhone 16 Plus, Logic Board Assy Mid System") -> 512GB, Pink, ROW, iPhone 16 Plus, Logic Board Assy Mid System | I91: =IFERROR(__xludf.DUMMYFUNCTION("""COMPUTED_VALUE"""),1.0) -> 1 | O91: =IFERROR(__xludf.DUMMYFUNCTION("""COMPUTED_VALUE"""),"TA661-43605") -> TA661-43605 | P91: =IFERROR(__xludf.DUMMYFUNCTION("""COMPUTED_VALUE"""),"128GB, Black, ROW, iPhone 16, Logic Board Assy Mid System") -> 128GB, Black, ROW, iPhone 16, Logic Board Assy Mid System | Q91: =IFERROR(__xludf.DUMMYFUNCTION("""COMPUTED_VALUE"""),1.0) -> 1
A92: =TEXT(B92:B1089,"MMMM") -> January | B92: =IFERROR(__xludf.DUMMYFUNCTION("""COMPUTED_VALUE"""),46050.0) -> 46050 | C92: =IFERROR(__xludf.DUMMYFUNCTION("""COMPUTED_VALUE"""),"MOBILECARE - FESTIVE WALK ILOILO") -> MOBILECARE - FESTIVE WALK ILOILO | D92: =IFERROR(__xludf.DUMMYFUNCTION("""COMPUTED_VALUE"""),"PP661-23454") -> PP661-23454 | E92: =IFERROR(__xludf.DUMMYFUNCTION("""COMPUTED_VALUE"""),"iPhone 13, Midnight, 128GB, Logic Board Assy Rear System, ROW") -> iPhone 13, Midnight, 128GB, Logic Board Assy Rear System, ROW | G92: =IFERROR(__xludf.DUMMYFUNCTION("""COMPUTED_VALUE"""),"661-30384") -> 661-30384 | H92: =IFERROR(__xludf.DUMMYFUNCTION("""COMPUTED_VALUE"""),"Starlight, Back Glass, iPhone 14 Plus") -> Starlight, Back Glass, iPhone 14 Plus | I92: =IFERROR(__xludf.DUMMYFUNCTION("""COMPUTED_VALUE"""),1.0) -> 1 | O92: =IFERROR(__xludf.DUMMYFUNCTION("""COMPUTED_VALUE"""),"TA661-43606") -> TA661-43606 | P92: =IFERROR(__xludf.DUMMYFUNCTION("""COMPUTED_VALUE"""),"128GB, White, ROW, iPhone 16, Logic Board Assy Mid System") -> 128GB, White, ROW, iPhone 16, Logic Board Assy Mid System | Q92: =IFERROR(__xludf.DUMMYFUNCTION("""COMPUTED_VALUE"""),1.0) -> 1
A93: =TEXT(B93:B1090,"MMMM") -> January | B93: =IFERROR(__xludf.DUMMYFUNCTION("""COMPUTED_VALUE"""),46046.0) -> 46046 | C93: =IFERROR(__xludf.DUMMYFUNCTION("""COMPUTED_VALUE"""),"MOBILECARE - FESTIVE WALK ILOILO") -> MOBILECARE - FESTIVE WALK ILOILO | D93: =IFERROR(__xludf.DUMMYFUNCTION("""COMPUTED_VALUE"""),"PP661-23455") -> PP661-23455 | E93: =IFERROR(__xludf.DUMMYFUNCTION("""COMPUTED_VALUE"""),"iPhone 13, Starlight, 128GB, Logic Board Assy Rear System, ROW") -> iPhone 13, Starlight, 128GB, Logic Board Assy Rear System, ROW | G93: =IFERROR(__xludf.DUMMYFUNCTION("""COMPUTED_VALUE"""),"TA661-43613") -> TA661-43613 | H93: =IFERROR(__xludf.DUMMYFUNCTION("""COMPUTED_VALUE"""),"256GB, Ultramarine, ROW, iPhone 16, Logic Board Assy Mid System") -> 256GB, Ultramarine, ROW, iPhone 16, Logic Board Assy Mid System | I93: =IFERROR(__xludf.DUMMYFUNCTION("""COMPUTED_VALUE"""),1.0) -> 1 | O93: =IFERROR(__xludf.DUMMYFUNCTION("""COMPUTED_VALUE"""),"TA661-43608") -> TA661-43608 | P93: =IFERROR(__xludf.DUMMYFUNCTION("""COMPUTED_VALUE"""),"128GB, Ultramarine, ROW, iPhone 16, Logic Board Assy Mid System") -> 128GB, Ultramarine, ROW, iPhone 16, Logic Board Assy Mid System | Q93: =IFERROR(__xludf.DUMMYFUNCTION("""COMPUTED_VALUE"""),1.0) -> 1
A94: =TEXT(B94:B1091,"MMMM") -> January | B94: =IFERROR(__xludf.DUMMYFUNCTION("""COMPUTED_VALUE"""),46043.0) -> 46043 | C94: =IFERROR(__xludf.DUMMYFUNCTION("""COMPUTED_VALUE"""),"MOBILECARE - FESTIVE WALK ILOILO") -> MOBILECARE - FESTIVE WALK ILOILO | D94: =IFERROR(__xludf.DUMMYFUNCTION("""COMPUTED_VALUE"""),"PP661-23455") -> PP661-23455 | E94: =IFERROR(__xludf.DUMMYFUNCTION("""COMPUTED_VALUE"""),"iPhone 13, Starlight, 128GB, Logic Board Assy Rear System, ROW") -> iPhone 13, Starlight, 128GB, Logic Board Assy Rear System, ROW | G94: =IFERROR(__xludf.DUMMYFUNCTION("""COMPUTED_VALUE"""),"TA661-45006") -> TA661-45006 | H94: =IFERROR(__xludf.DUMMYFUNCTION("""COMPUTED_VALUE"""),"512GB, Natural Titanium, ROW, iPhone 16 Pro, Logic Board Assy Mid System") -> 512GB, Natural Titanium, ROW, iPhone 16 Pro, Logic Board Assy Mid System | I94: =IFERROR(__xludf.DUMMYFUNCTION("""COMPUTED_VALUE"""),1.0) -> 1 | O94: =IFERROR(__xludf.DUMMYFUNCTION("""COMPUTED_VALUE"""),"TA661-43611") -> TA661-43611 | P94: =IFERROR(__xludf.DUMMYFUNCTION("""COMPUTED_VALUE"""),"256GB, White, ROW, iPhone 16, Logic Board Assy Mid System") -> 256GB, White, ROW, iPhone 16, Logic Board Assy Mid System | Q94: =IFERROR(__xludf.DUMMYFUNCTION("""COMPUTED_VALUE"""),1.0) -> 1
A95: =TEXT(B95:B1092,"MMMM") -> January | B95: =IFERROR(__xludf.DUMMYFUNCTION("""COMPUTED_VALUE"""),46042.0) -> 46042 | C95: =IFERROR(__xludf.DUMMYFUNCTION("""COMPUTED_VALUE"""),"MOBILECARE - FESTIVE WALK ILOILO") -> MOBILECARE - FESTIVE WALK ILOILO | D95: =IFERROR(__xludf.DUMMYFUNCTION("""COMPUTED_VALUE"""),"PP661-28868") -> PP661-28868 | E95: =IFERROR(__xludf.DUMMYFUNCTION("""COMPUTED_VALUE"""),"iPhone 14, Midnight, 128GB, Logic Board Assy Mid System, ROW") -> iPhone 14, Midnight, 128GB, Logic Board Assy Mid System, ROW | G95: =IFERROR(__xludf.DUMMYFUNCTION("""COMPUTED_VALUE"""),"661-37211") -> 661-37211 | H95: =IFERROR(__xludf.DUMMYFUNCTION("""COMPUTED_VALUE"""),"Blue, Back Glass, iPhone 15 Plus") -> Blue, Back Glass, iPhone 15 Plus | I95: =IFERROR(__xludf.DUMMYFUNCTION("""COMPUTED_VALUE"""),1.0) -> 1 | O95: =IFERROR(__xludf.DUMMYFUNCTION("""COMPUTED_VALUE"""),"TA661-43612") -> TA661-43612 | P95: =IFERROR(__xludf.DUMMYFUNCTION("""COMPUTED_VALUE"""),"256GB, Pink, ROW, iPhone 16, Logic Board Assy Mid System") -> 256GB, Pink, ROW, iPhone 16, Logic Board Assy Mid System | Q95: =IFERROR(__xludf.DUMMYFUNCTION("""COMPUTED_VALUE"""),1.0) -> 1
A96: =TEXT(B96:B1093,"MMMM") -> January | B96: =IFERROR(__xludf.DUMMYFUNCTION("""COMPUTED_VALUE"""),46046.0) -> 46046 | C96: =IFERROR(__xludf.DUMMYFUNCTION("""COMPUTED_VALUE"""),"MOBILECARE - FESTIVE WALK ILOILO") -> MOBILECARE - FESTIVE WALK ILOILO | D96: =IFERROR(__xludf.DUMMYFUNCTION("""COMPUTED_VALUE"""),"PP661-23454") -> PP661-23454 | E96: =IFERROR(__xludf.DUMMYFUNCTION("""COMPUTED_VALUE"""),"iPhone 13, Midnight, 128GB, Logic Board Assy Rear System, ROW") -> iPhone 13, Midnight, 128GB, Logic Board Assy Rear System, ROW | O96: =IFERROR(__xludf.DUMMYFUNCTION("""COMPUTED_VALUE"""),"TA661-43618") -> TA661-43618 | P96: =IFERROR(__xludf.DUMMYFUNCTION("""COMPUTED_VALUE"""),"512GB, Ultramarine, ROW, iPhone 16, Logic Board Assy Mid System") -> 512GB, Ultramarine, ROW, iPhone 16, Logic Board Assy Mid System | Q96: =IFERROR(__xludf.DUMMYFUNCTION("""COMPUTED_VALUE"""),1.0) -> 1
A97: =TEXT(B97:B1094,"MMMM") -> January | B97: =IFERROR(__xludf.DUMMYFUNCTION("""COMPUTED_VALUE"""),46049.0) -> 46049 | C97: =IFERROR(__xludf.DUMMYFUNCTION("""COMPUTED_VALUE"""),"MOBILECARE - FESTIVE WALK ILOILO") -> MOBILECARE - FESTIVE WALK ILOILO | D97: =IFERROR(__xludf.DUMMYFUNCTION("""COMPUTED_VALUE"""),"PP661-28869") -> PP661-28869 | E97: =IFERROR(__xludf.DUMMYFUNCTION("""COMPUTED_VALUE"""),"iPhone 14, Starlight, 128GB, Logic Board Assy Mid System, ROW") -> iPhone 14, Starlight, 128GB, Logic Board Assy Mid System, ROW | O97: =IFERROR(__xludf.DUMMYFUNCTION("""COMPUTED_VALUE"""),"TA661-44996") -> TA661-44996 | P97: =IFERROR(__xludf.DUMMYFUNCTION("""COMPUTED_VALUE"""),"128GB, White Titanium, ROW, iPhone 16 Pro, Logic Board Assy Mid System") -> 128GB, White Titanium, ROW, iPhone 16 Pro, Logic Board Assy Mid System | Q97: =IFERROR(__xludf.DUMMYFUNCTION("""COMPUTED_VALUE"""),1.0) -> 1
A98: =TEXT(B98:B1095,"MMMM") -> January | B98: =IFERROR(__xludf.DUMMYFUNCTION("""COMPUTED_VALUE"""),46040.0) -> 46040 | C98: =IFERROR(__xludf.DUMMYFUNCTION("""COMPUTED_VALUE"""),"MOBILECARE - FESTIVE WALK ILOILO") -> MOBILECARE - FESTIVE WALK ILOILO | D98: =IFERROR(__xludf.DUMMYFUNCTION("""COMPUTED_VALUE"""),"TA661-36700") -> TA661-36700 | E98: =IFERROR(__xludf.DUMMYFUNCTION("""COMPUTED_VALUE"""),"iPhone 15, Green, 256GB, Logic Board Assy Mid System, ROW") -> iPhone 15, Green, 256GB, Logic Board Assy Mid System, ROW | O98: =IFERROR(__xludf.DUMMYFUNCTION("""COMPUTED_VALUE"""),"TA661-44998") -> TA661-44998 | P98: =IFERROR(__xludf.DUMMYFUNCTION("""COMPUTED_VALUE"""),"128GB, Natural Titanium, ROW, iPhone 16 Pro, Logic Board Assy Mid System") -> 128GB, Natural Titanium, ROW, iPhone 16 Pro, Logic Board Assy Mid System | Q98: =IFERROR(__xludf.DUMMYFUNCTION("""COMPUTED_VALUE"""),1.0) -> 1
A99: =TEXT(B99:B1096,"MMMM") -> January | B99: =IFERROR(__xludf.DUMMYFUNCTION("""COMPUTED_VALUE"""),46039.0) -> 46039 | C99: =IFERROR(__xludf.DUMMYFUNCTION("""COMPUTED_VALUE"""),"MOBILECARE - FESTIVE WALK ILOILO") -> MOBILECARE - FESTIVE WALK ILOILO | D99: =IFERROR(__xludf.DUMMYFUNCTION("""COMPUTED_VALUE"""),"PP661-23454") -> PP661-23454 | E99: =IFERROR(__xludf.DUMMYFUNCTION("""COMPUTED_VALUE"""),"iPhone 13, Midnight, 128GB, Logic Board Assy Rear System, ROW") -> iPhone 13, Midnight, 128GB, Logic Board Assy Rear System, ROW | O99: =IFERROR(__xludf.DUMMYFUNCTION("""COMPUTED_VALUE"""),"TA661-44999") -> TA661-44999 | P99: =IFERROR(__xludf.DUMMYFUNCTION("""COMPUTED_VALUE"""),"256GB, Black Titanium, ROW, iPhone 16 Pro, Logic Board Assy Mid System") -> 256GB, Black Titanium, ROW, iPhone 16 Pro, Logic Board Assy Mid System | Q99: =IFERROR(__xludf.DUMMYFUNCTION("""COMPUTED_VALUE"""),1.0) -> 1
A100: =TEXT(B100:B1097,"MMMM") -> January | B100: =IFERROR(__xludf.DUMMYFUNCTION("""COMPUTED_VALUE"""),46042.0) -> 46042 | C100: =IFERROR(__xludf.DUMMYFUNCTION("""COMPUTED_VALUE"""),"MOBILECARE - FESTIVE WALK ILOILO") -> MOBILECARE - FESTIVE WALK ILOILO | D100: =IFERROR(__xludf.DUMMYFUNCTION("""COMPUTED_VALUE"""),"PP661-23455") -> PP661-23455 | E100: =IFERROR(__xludf.DUMMYFUNCTION("""COMPUTED_VALUE"""),"iPhone 13, Starlight, 128GB, Logic Board Assy Rear System, ROW") -> iPhone 13, Starlight, 128GB, Logic Board Assy Rear System, ROW | O100: =IFERROR(__xludf.DUMMYFUNCTION("""COMPUTED_VALUE"""),"TA661-45001") -> TA661-45001 | P100: =IFERROR(__xludf.DUMMYFUNCTION("""COMPUTED_VALUE"""),"256GB, Desert Titanium, ROW, iPhone 16 Pro, Logic Board Assy Mid System") -> 256GB, Desert Titanium, ROW, iPhone 16 Pro, Logic Board Assy Mid System | Q100: =IFERROR(__xludf.DUMMYFUNCTION("""COMPUTED_VALUE"""),1.0) -> 1
...

Sheet Systems_Trends
A1: iPhones Parts Usage Report | G1: Monthly Trend for 2026 | J1: Monthly Trend for 2026 - Mid System | M1: Monthly Trend for 2026 - Rear System
A2: Month | B2: Repair Closed Date | C2: Site Name | D2: Part Number | E2: Part Description | G2: Month | H2: Quantity | J2: Month | K2: Quantity | M2: Month | N2: Quantity
A3: =TEXT(B3:B1000,"MMMM") -> May | B3: =IFERROR(__xludf.DUMMYFUNCTION("IFERROR(CHOOSECOLS(FILTER(Masterlist!A3:J1000, ISNUMBER(SEARCH(""IPHONE"", Masterlist!H3:H1000)), (ISNUMBER(SEARCH(""Rear System"", Masterlist!H3:H1000)) + ISNUMBER(SEARCH(""Mid System"", Masterlist!H3:H1000))) > 0), 6, 2, 7, 8), ""No iPhones Found"")"),46158.0) -> 46158 | C3: =IFERROR(__xludf.DUMMYFUNCTION("""COMPUTED_VALUE"""),"MOBILECARE - DAVAO") -> MOBILECARE - DAVAO | D3: =IFERROR(__xludf.DUMMYFUNCTION("""COMPUTED_VALUE"""),"TA661-36693") -> TA661-36693 | E3: =IFERROR(__xludf.DUMMYFUNCTION("""COMPUTED_VALUE"""),"iPhone 15, Yellow, 128GB, Logic Board Assy Mid System, ROW") -> iPhone 15, Yellow, 128GB, Logic Board Assy Mid System, ROW | G3: =IFERROR(__xludf.DUMMYFUNCTION("LET( months_data, FILTER(A3:A1000, A3:A1000<>""""), unique_months, UNIQUE(months_data), counts, MAP(unique_months, LAMBDA(m, COUNTIF(months_data, m))), ordered_table, HSTACK(unique_months, counts), month_order, {""January"",1; ""February"",2; """&"March"",3; ""April"",4; ""May"",5; ""June"",6; ""July"",7; ""August"",8; ""September"",9; ""October"",10; ""November"",11; ""December"",12}, SORT(ordered_table, XLOOKUP(INDEX(ordered_table,,1), INDEX(month_order,,1), INDEX(month_order,,2)), TRUE) )"),"January") -> January | H3: =IFERROR(__xludf.DUMMYFUNCTION("""COMPUTED_VALUE"""),167.0) -> 167 | J3: =IFERROR(__xludf.DUMMYFUNCTION("IFERROR(LET( months_data, FILTER(A3:A1000, A3:A1000<>"""", ISNUMBER(SEARCH(""mid sys"", E3:E1000))), unique_months, UNIQUE(months_data), counts, MAP(unique_months, LAMBDA(m, COUNTIF(months_data, m))), ordered_table, HSTACK(unique_months, counts), "&" month_order, {""January"",1; ""February"",2; ""March"",3; ""April"",4; ""May"",5; ""June"",6; ""July"",7; ""August"",8; ""September"",9; ""October"",10; ""November"",11; ""December"",12}, SORT(ordered_table, XLOOKUP(INDEX(ordered_table,,1), INDEX(mont"&"h_order,,1), INDEX(month_order,,2)), TRUE) ), ""No mid sys data found"")"),"January") -> January | K3: =IFERROR(__xludf.DUMMYFUNCTION("""COMPUTED_VALUE"""),67.0) -> 67 | M3: =IFERROR(__xludf.DUMMYFUNCTION("IFERROR(LET( months_data, FILTER(A3:A1000, A3:A1000<>"""", ISNUMBER(SEARCH(""rear sys"", E3:E1000))), unique_months, UNIQUE(months_data), counts, MAP(unique_months, LAMBDA(m, COUNTIF(months_data, m))), ordered_table, HSTACK(unique_months, counts),"&" month_order, {""January"",1; ""February"",2; ""March"",3; ""April"",4; ""May"",5; ""June"",6; ""July"",7; ""August"",8; ""September"",9; ""October"",10; ""November"",11; ""December"",12}, SORT(ordered_table, XLOOKUP(INDEX(ordered_table,,1), INDEX(mon"&"th_order,,1), INDEX(month_order,,2)), TRUE) ), ""No rear sys data found"")"),"January") -> January | N3: =IFERROR(__xludf.DUMMYFUNCTION("""COMPUTED_VALUE"""),100.0) -> 100
A4: =TEXT(B4:B1001,"MMMM") -> January | B4: =IFERROR(__xludf.DUMMYFUNCTION("""COMPUTED_VALUE"""),46053.0) -> 46053 | C4: =IFERROR(__xludf.DUMMYFUNCTION("""COMPUTED_VALUE"""),"MOBILECARE - DAVAO") -> MOBILECARE - DAVAO | D4: =IFERROR(__xludf.DUMMYFUNCTION("""COMPUTED_VALUE"""),"TA661-43605") -> TA661-43605 | E4: =IFERROR(__xludf.DUMMYFUNCTION("""COMPUTED_VALUE"""),"128GB, Black, ROW, iPhone 16, Logic Board Assy Mid System") -> 128GB, Black, ROW, iPhone 16, Logic Board Assy Mid System | G4: =IFERROR(__xludf.DUMMYFUNCTION("""COMPUTED_VALUE"""),"February") -> February | H4: =IFERROR(__xludf.DUMMYFUNCTION("""COMPUTED_VALUE"""),158.0) -> 158 | J4: =IFERROR(__xludf.DUMMYFUNCTION("""COMPUTED_VALUE"""),"February") -> February | K4: =IFERROR(__xludf.DUMMYFUNCTION("""COMPUTED_VALUE"""),72.0) -> 72 | M4: =IFERROR(__xludf.DUMMYFUNCTION("""COMPUTED_VALUE"""),"February") -> February | N4: =IFERROR(__xludf.DUMMYFUNCTION("""COMPUTED_VALUE"""),86.0) -> 86
A5: =TEXT(B5:B1002,"MMMM") -> February | B5: =IFERROR(__xludf.DUMMYFUNCTION("""COMPUTED_VALUE"""),46056.0) -> 46056 | C5: =IFERROR(__xludf.DUMMYFUNCTION("""COMPUTED_VALUE"""),"MOBILECARE - DAVAO") -> MOBILECARE - DAVAO | D5: =IFERROR(__xludf.DUMMYFUNCTION("""COMPUTED_VALUE"""),"PP661-23455") -> PP661-23455 | E5: =IFERROR(__xludf.DUMMYFUNCTION("""COMPUTED_VALUE"""),"iPhone 13, Starlight, 128GB, Logic Board Assy Rear System, ROW") -> iPhone 13, Starlight, 128GB, Logic Board Assy Rear System, ROW | G5: =IFERROR(__xludf.DUMMYFUNCTION("""COMPUTED_VALUE"""),"March") -> March | H5: =IFERROR(__xludf.DUMMYFUNCTION("""COMPUTED_VALUE"""),119.0) -> 119 | J5: =IFERROR(__xludf.DUMMYFUNCTION("""COMPUTED_VALUE"""),"March") -> March | K5: =IFERROR(__xludf.DUMMYFUNCTION("""COMPUTED_VALUE"""),48.0) -> 48 | M5: =IFERROR(__xludf.DUMMYFUNCTION("""COMPUTED_VALUE"""),"March") -> March | N5: =IFERROR(__xludf.DUMMYFUNCTION("""COMPUTED_VALUE"""),71.0) -> 71
